{"stats":{"minecraft:dropped":{"minecraft:iron_sword":3,"minecraft:wheat_seeds":92,"clutter:copper_coin":41,"minecraft:book":13,"minecraft:iron_pickaxe":1,"minecraft:kelp":3,"minecraft:bowl":1,"universal_graves:grave_compass":2,"minecraft:beetroot_seeds":1},"minecraft:mined":{"minecraft:dark_oak_planks":15,"clutter:sculk_mushroom":1,"minecraft:white_bed":1,"minecraft:oak_sapling":1,"iceandfire:silver_ore":1,"minecraft:dark_oak_leaves":2,"minecraft:deepslate_diamond_ore":2,"minecraft:sculk_vein":1,"farmersdelight:wild_carrots":5,"minecraft:jungle_leaves":9,"minecraft:jack_o_lantern":1,"minecraft:grass_block":99,"minecraft:spruce_fence":3,"iceandfire:frozen_splinters":2,"minecraft:deepslate_bricks":7,"minecraft:carrots":1,"minecraft:fire":2,"minecraft:cobbled_deepslate":1,"minecraft:acacia_wood":5,"minecraft:bookshelf":1,"minecraft:potatoes":11,"minecraft:vine":3,"minecraft:stone":43,"minecraft:green_bed":1,"doggytalents:rice_crop":1,"minecraft:glass_pane":1,"minecraft:powder_snow":17,"minecraft:crafting_table":1,"minecraft:torch":17,"minecraft:dark_oak_wood":3,"minecraft:melon":10,"minecraft:chest":1,"minecraft:cobblestone":3,"minecraft:cracked_deepslate_bricks":2,"minecraft:bricks":1,"minecraft:sculk":2,"supplementaries:urn":2,"farmersdelight:wild_beetroots":1,"minecraft:gray_wool":5,"minecraft:birch_planks":17,"minecraft:jungle_wood":3,"minecraft:birch_log":33,"minecraft:wheat":168,"minecraft:birch_leaves":13,"iceandfire:ash":1,"minecraft:grass":49,"minecraft:oak_log":27,"minecraft:coal_ore":41,"minecraft:dirt":37,"minecraft:cobweb":1,"minecraft:oak_leaves":25,"minecraft:deepslate":3},"minecraft:crafted":{"minecraft:wooden_sword":4,"minecraft:oak_planks":108,"minecraft:birch_boat":3,"minecraft:furnace":2,"minecraft:cooked_mutton":2,"minecraft:stone_pickaxe":2,"minecraft:chest":4,"minecraft:oak_button":2,"minecraft:golden_helmet":1,"minecraft:cooked_cod":14,"minecraft:crafting_table":2,"minecraft:wooden_pickaxe":2,"minecraft:baked_potato":12,"minecraft:birch_planks":132,"minecraft:bread":56,"minecraft:air":0,"minecraft:jungle_planks":12,"minecraft:oak_boat":6,"minecraft:iron_chestplate":1,"minecraft:wooden_hoe":2,"minecraft:shield":1,"minecraft:stick":36,"minecraft:iron_pickaxe":1,"minecraft:stone_sword":2,"minecraft:gold_ingot":20,"minecraft:white_bed":1,"minecraft:acacia_planks":20,"minecraft:torch":4},"minecraft:custom":{"minecraft:mob_kills":37,"minecraft:interact_with_crafting_table":36,"minecraft:open_barrel":20,"minecraft:eat_cake_slice":1,"minecraft:leave_game":10,"minecraft:time_since_death":58634,"minecraft:climb_one_cm":29299,"minecraft:sprint_one_cm":1219310,"minecraft:walk_one_cm":709661,"minecraft:damage_blocked_by_shield":1155,"minecraft:drop":23,"minecraft:talked_to_villager":9,"minecraft:play_time":401659,"minecraft:deaths":23,"minecraft:sneak_time":29972,"minecraft:walk_under_water_one_cm":52409,"minecraft:boat_one_cm":1304575,"minecraft:jump":7324,"minecraft:walk_on_water_one_cm":92471,"minecraft:total_world_time":401659,"minecraft:interact_with_furnace":25,"minecraft:tune_noteblock":1,"minecraft:sleep_in_bed":1,"minecraft:hex":0,"minecraft:time_since_rest":58763,"minecraft:damage_taken":10658,"minecraft:damage_absorbed":7,"minecraft:damage_dealt":4464,"minecraft:swim_one_cm":448594,"minecraft:fly_one_cm":1255292,"minecraft:open_chest":150,"minecraft:crouch_one_cm":152090,"minecraft:fall_one_cm":216663},"minecraft:used":{"minecraft:stone_sword":57,"minecraft:iron_shovel":79,"minecraft:chest":5,"minecraft:shield":16,"minecraft:iron_sword":68,"doggytalents:rice_grains":3,"minecraft:torch":6,"minecraft:dirt":118,"minecraft:jungle_planks":12,"minecraft:carrot":9,"minecraft:spruce_fence":1,"minecraft:dark_oak_planks":17,"minecraft:iron_axe":2,"minecraft:iron_boots":1,"minecraft:melon_seeds":2,"minecraft:sweet_berries":4,"minecraft:furnace":2,"minecraft:oak_sapling":11,"minecraft:cooked_cod":10,"minecraft:egg":2,"minecraft:potato":17,"minecraft:acacia_planks":20,"minecraft:cobbled_deepslate":9,"minecraft:iron_leggings":1,"minecraft:wheat_seeds":156,"minecraft:cooked_mutton":2,"minecraft:birch_planks":28,"minecraft:stone_pickaxe":30,"minecraft:baked_potato":9,"minecraft:oak_planks":3,"minecraft:wooden_pickaxe":59,"minecraft:birch_boat":4,"minecraft:crafting_table":3,"minecraft:mushroom_stew":2,"minecraft:white_bed":1,"minecraft:wooden_hoe":38,"minecraft:bread":51,"minecraft:melon_slice":26,"minecraft:iron_pickaxe":20,"iceandfire:ash":1,"minecraft:wooden_sword":10,"minecraft:cobblestone":9,"minecraft:bucket":1,"minecraft:oak_boat":6,"minecraft:bone_meal":1},"minecraft:killed":{"minecraft:cod":18,"minecraft:skeleton":5,"minecraft:drowned":2,"minecraft:skeleton_horse":1,"minecraft:sheep":3,"minecraft:zombie":4},"minecraft:broken":{"minecraft:wooden_pickaxe":1},"minecraft:killed_by":{"minecraft:creeper":1,"iceandfire:sea_serpent":3,"minecraft:warden":1,"minecraft:cave_spider":1,"iceandfire:ice_dragon":2,"minecraft:skeleton":2,"minecraft:zombie":1,"iceandfire:fire_dragon":10},"minecraft:picked_up":{"minecraft:crafting_table":1,"minecraft:wheat":163,"doggytalents:rice_wheat":3,"minecraft:string":1,"iceandfire:frozen_splinters":3,"minecraft:cobbled_deepslate":14,"minecraft:oak_boat":1,"minecraft:iron_pickaxe":1,"minecraft:melon_slice":43,"supplementaries:rope":9,"minecraft:chest":1,"minecraft:birch_sapling":2,"minecraft:egg":1,"minecraft:dark_oak_sapling":1,"minecraft:stick":10,"minecraft:torch":17,"minecraft:green_bed":1,"minecraft:spruce_fence":3,"minecraft:carrot":9,"minecraft:dark_oak_planks":15,"minecraft:arrow":6,"minecraft:rotten_flesh":1,"minecraft:beetroot_seeds":1,"supplementaries:ash":7,"minecraft:mutton":5,"minecraft:cod":15,"minecraft:white_wool":3,"minecraft:cobblestone":46,"minecraft:birch_log":33,"minecraft:jungle_wood":3,"minecraft:acacia_wood":5,"minecraft:potato":32,"doggytalents:rice_grains":7,"minecraft:birch_planks":17,"minecraft:oak_log":27,"minecraft:lapis_lazuli":4,"minecraft:dirt":151,"minecraft:bone":9,"minecraft:apple":1,"minecraft:kelp":3,"minecraft:wheat_seeds":371,"iceandfire:dragon_stick":1,"farmersdelight:apple_cider":1,"minecraft:iron_sword":3,"minecraft:book":25,"minecraft:birch_boat":1,"minecraft:sweet_berries":4,"iceandfire:ash":1,"minecraft:white_bed":1,"naturalist:duck_egg":1,"clutter:mossbloom_antler":2,"clutter:copper_coin":38,"minecraft:diamond":2,"minecraft:iron_helmet":1,"minecraft:bone_meal":1,"minecraft:bread":18,"minecraft:jack_o_lantern":1,"minecraft:oak_sapling":10,"minecraft:dark_oak_wood":3,"minecraft:bricks":1,"minecraft:coal":41,"iceandfire:raw_silver":1}},"DataVersion":3465}