{"stats":{"minecraft:dropped":{"minecraft:stripped_mangrove_wood":1,"minecraft:brown_mushroom":1,"minecraft:oak_log":1,"minecraft:smooth_quartz_stairs":1,"minecraft:dripstone_block":1,"minecraft:cobblestone":128,"minecraft:lead":2,"iceandfire:dragon_stick":1,"minecraft:dirt":3,"iceandfire:dragon_flute":2,"minecraft:stick":2,"iceandfire:crackled_dirt":5,"minecraft:torch":1,"minecraft:dark_oak_planks":2,"minecraft:polished_deepslate":1,"doggytalents:tengu_mask":1,"minecraft:rotten_flesh":11,"iceandfire:crackled_cobblestone":4,"iceandfire:dragonbone_bow":6,"minecraft:red_nether_bricks":3,"minecraft:arrow":1,"simplyswords:diamond_scythe":1,"minecraft:calcite":1,"iceandfire:crackled_stone":1,"supplementaries:flute":2},"minecraft:mined":{"minecraft:dark_oak_planks":2,"minecraft:dark_prismarine":1,"clutter:small_purple_lupine":2,"minecraft:deepslate_tiles":23,"clutter:cattails":1,"iceandfire:silver_ore":2,"iceandfire:copper_pile":3,"minecraft:dark_oak_log":1,"minecraft:red_nether_bricks":3,"minecraft:jungle_leaves":1,"minecraft:grass_block":132,"iceandfire:chared_dirt":1,"iceandfire:crackled_cobblestone":4,"minecraft:black_stained_glass_pane":2,"minecraft:spawner":1,"iceandfire:chared_grass":1,"minecraft:furnace":2,"minecraft:fire":5,"iceandfire:chared_gravel":1,"iceandfire:crackled_dirt":5,"clutter:small_yellow_lupine":1,"minecraft:polished_deepslate":1,"minecraft:pointed_dripstone":3,"minecraft:potatoes":33,"minecraft:stripped_oak_log":6,"minecraft:smooth_quartz_stairs":1,"minecraft:bamboo":2,"minecraft:stripped_mangrove_wood":1,"minecraft:stone":144,"minecraft:bone_block":12,"minecraft:brown_mushroom":2,"minecraft:red_bed":1,"minecraft:red_banner":1,"minecraft:soul_lantern":2,"minecraft:crafting_table":1,"minecraft:torch":1,"minecraft:calcite":1,"minecraft:poppy":3,"minecraft:rose_bush":7,"minecraft:cobblestone":4,"minecraft:sugar_cane":14,"clutter:small_blue_lupine":2,"minecraft:cyan_wool":1,"minecraft:birch_planks":58,"iceandfire:crackled_stone":1,"minecraft:birch_log":46,"minecraft:lilac":1,"minecraft:birch_leaves":3,"minecraft:grass":1,"minecraft:oak_log":31,"minecraft:cyan_carpet":2,"minecraft:dripstone_block":1,"minecraft:dirt":21,"minecraft:cobweb":15,"minecraft:stone_bricks":21,"iceandfire:chared_stone":2,"clutter:small_magenta_lupine":2,"minecraft:oak_leaves":17},"minecraft:crafted":{"minecraft:black_dye":1,"minecraft:oak_planks":8,"rogues:warrior_armor_chest":1,"paladins:paladin_armor_feet":1,"simplyswords:diamond_scythe":1,"rogues:warrior_armor_feet":1,"iceandfire:dragon_stick":1,"minecraft:furnace":2,"minecraft:stone":138,"iceandfire:dragon_flute":1,"naturalist:cooked_bass":5,"wizards:wand_novice":1,"paladins:paladin_armor_chest":1,"paladins:paladin_armor_legs":1,"rogues:warrior_armor_head":1,"minecraft:stone_pickaxe":1,"minecraft:chest":2,"rogues:warrior_armor_legs":1,"paladins:paladin_armor_head":1,"supplementaries:flute":3,"minecraft:stone_bricks":72,"minecraft:lead":2,"wizards:arcane_robe_head":1,"minecraft:red_dye":3,"minecraft:crafting_table":1,"minecraft:baked_potato":25,"minecraft:birch_planks":424,"minecraft:stone_axe":2,"minecraft:deepslate_tiles":3,"minecraft:air":0,"iceandfire:dragonbone_bow":4,"minecraft:oak_boat":1,"doggytalents:head_band_blank":1,"doggytalents:tengu_mask":1,"minecraft:paper":3,"minecraft:shield":1,"minecraft:stick":12,"iceandfire:dragon_horn":1,"wizards:wand_fire":2},"minecraft:custom":{"minecraft:interact_with_anvil":1,"minecraft:mob_kills":58,"minecraft:interact_with_crafting_table":35,"minecraft:open_barrel":14,"minecraft:eat_cake_slice":5,"minecraft:leave_game":4,"minecraft:time_since_death":3540,"minecraft:climb_one_cm":24665,"minecraft:sprint_one_cm":522451,"minecraft:walk_one_cm":1109650,"minecraft:damage_blocked_by_shield":213,"minecraft:drop":37,"minecraft:play_time":312702,"minecraft:deaths":16,"minecraft:sneak_time":1212,"minecraft:walk_under_water_one_cm":46677,"minecraft:boat_one_cm":168924,"minecraft:jump":3214,"minecraft:interact_with_blast_furnace":2,"minecraft:walk_on_water_one_cm":60077,"minecraft:total_world_time":312702,"minecraft:interact_with_furnace":20,"minecraft:tune_noteblock":16,"minecraft:interact_with_stonecutter":6,"minecraft:sleep_in_bed":5,"minecraft:hex":0,"minecraft:time_since_rest":3574,"minecraft:damage_taken":11129,"minecraft:damage_dealt":13753,"minecraft:swim_one_cm":180118,"minecraft:fly_one_cm":376829,"minecraft:open_chest":340,"minecraft:crouch_one_cm":968,"minecraft:interact_with_smoker":6,"minecraft:fall_one_cm":90996},"minecraft:used":{"minecraft:chest":2,"minecraft:shield":4,"minecraft:torch":1,"minecraft:dirt":9,"minecraft:diamond_helmet":2,"naturalist:cooked_bass":5,"simplyswords:diamond_scythe":121,"minecraft:birch_sapling":1,"clutter:small_magenta_lupine":2,"minecraft:stone_bricks":198,"minecraft:diamond_chestplate":2,"minecraft:golden_carrot":45,"minecraft:oak_sapling":10,"minecraft:furnace":4,"clutter:small_yellow_lupine":1,"minecraft:potato":33,"minecraft:diamond_boots":2,"minecraft:birch_planks":475,"minecraft:stone_pickaxe":57,"minecraft:baked_potato":16,"minecraft:birch_boat":1,"minecraft:brown_mushroom":1,"iceandfire:dragon_skull_lightning":2,"minecraft:crafting_table":2,"minecraft:red_bed":1,"minecraft:cake":1,"minecraft:deepslate_tiles":142,"minecraft:oak_log":31,"minecraft:diamond_pickaxe":184,"minecraft:apple":1,"majruszsdifficulty:undead_army_treasure_bag":1,"minecraft:diamond_shovel":122,"iceandfire:dragonbone_bow":39,"minecraft:iron_pickaxe":1,"iceandfire:dragon_horn":3,"doggytalents:salmon_sushi":1,"minecraft:stone_axe":159,"minecraft:diamond_sword":144,"minecraft:cobblestone":37,"minecraft:birch_log":4,"minecraft:oak_boat":1,"minecraft:stripped_oak_log":2,"minecraft:diamond_leggings":2,"minecraft:cobweb":15},"minecraft:killed":{"minecraft:spider":4,"minecraft:phantom":1,"naturalist:coral_snake":1,"minecraft:skeleton":8,"iceandfire:fire_dragon":1,"iceandfire:siren":1,"naturalist:bass":5,"minecraft:drowned":7,"minecraft:husk":4,"majruszsdifficulty:tank":1,"minecraft:squid":1,"minecraft:zombie":11,"minecraft:stray":6,"minecraft:wither_skeleton":5,"minecraft:enderman":1},"minecraft:broken":{"minecraft:diamond_helmet":1,"minecraft:diamond_boots":1,"minecraft:stone_axe":1},"minecraft:killed_by":{"minecraft:stray":3,"minecraft:creeper":2,"majruszsdifficulty:creeperling":1,"minecraft:skeleton":2,"iceandfire:lightning_dragon":3,"iceandfire:ghost":1,"iceandfire:fire_dragon":2},"minecraft:picked_up":{"iceandfire:dragon_skull_lightning":2,"majruszsdifficulty:tattered_boots":1,"minecraft:crafting_table":1,"iceandfire:witherbone":3,"minecraft:brown_mushroom":2,"minecraft:lead":2,"minecraft:diamond_sword":1,"minecraft:enchanted_book":2,"minecraft:polished_deepslate":1,"minecraft:string":16,"minecraft:red_bed":1,"minecraft:red_nether_bricks":3,"clutter:cattails":1,"simplyswords:diamond_scythe":1,"universal_graves:grave_compass":2,"minecraft:cyan_carpet":2,"dungeonnowloading:spawner_fragment":5,"minecraft:deepslate_tiles":21,"minecraft:diamond_leggings":1,"minecraft:gold_nugget":1,"minecraft:rose_bush":4,"minecraft:calcite":1,"minecraft:cyan_wool":1,"minecraft:poppy":3,"minecraft:sugar_cane":20,"minecraft:birch_sapling":1,"minecraft:smooth_quartz_stairs":1,"minecraft:phantom_membrane":1,"minecraft:furnace":2,"minecraft:stripped_mangrove_wood":1,"clutter:small_magenta_lupine":2,"minecraft:tipped_arrow":2,"iceandfire:dragonscales_green":25,"minecraft:stick":7,"iceandfire:dragonbone":56,"minecraft:stone":54,"iceandfire:crackled_dirt":5,"minecraft:torch":4,"clutter:small_blue_lupine":2,"minecraft:pointed_dripstone":5,"minecraft:dark_oak_planks":2,"minecraft:diamond_chestplate":1,"minecraft:arrow":46,"minecraft:rotten_flesh":21,"iceandfire:chared_dirt":1,"minecraft:diamond_boots":1,"iceandfire:fire_dragon_heart":1,"minecraft:saddle":1,"minecraft:bone_block":12,"minecraft:cobblestone":384,"minecraft:stripped_oak_log":6,"minecraft:birch_log":52,"minecraft:lilac":21,"minecraft:golden_carrot":64,"minecraft:potato":122,"majruszsdifficulty:cloth":4,"minecraft:birch_planks":73,"minecraft:oak_log":33,"minecraft:dirt":85,"naturalist:bass":5,"minecraft:bone":27,"minecraft:stone_bricks":20,"minecraft:apple":1,"clutter:small_yellow_lupine":1,"minecraft:kelp":13,"farmersdelight:apple_cider":1,"minecraft:diamond_helmet":1,"minecraft:bamboo":21,"iceandfire:fire_dragon_flesh":2,"iceandfire:crackled_cobblestone":4,"iceandfire:chared_stone":2,"iceandfire:copper_nugget":40,"minecraft:birch_boat":1,"minecraft:dripstone_block":1,"doggytalents:salmon_sushi":1,"minecraft:gravel":1,"iceandfire:dragon_skull_fire":3,"iceandfire:shiny_scales":4,"doggytalents:tengu_mask":1,"clutter:cotton_seeds":1,"minecraft:red_banner":1,"minecraft:ink_sac":1,"majruszsdifficulty:bandage":10,"minecraft:grass_block":1,"minecraft:spider_eye":1,"travelersbackpack:standard":1,"iceandfire:dragon_flute":2,"minecraft:diamond_shovel":2,"minecraft:slime_ball":3,"iceandfire:crackled_stone":1,"minecraft:soul_lantern":2,"rogues:warrior_armor_feet":1,"minecraft:granite":1,"iceandfire:dragonbone_bow":4,"clutter:small_purple_lupine":1,"iceandfire:chared_gravel":1,"minecraft:oak_sapling":11,"iceandfire:raw_silver":2,"minecraft:netherrack":64,"minecraft:coal":46,"minecraft:diamond_pickaxe":1,"minecraft:ender_pearl":1}},"DataVersion":3465}