{"stats":{"minecraft:custom":{"minecraft:jump":116,"minecraft:time_since_rest":14743,"minecraft:crouch_one_cm":36,"minecraft:leave_game":11,"minecraft:play_time":14743,"minecraft:sprint_one_cm":9339,"minecraft:time_since_death":14743,"minecraft:walk_on_water_one_cm":161,"minecraft:walk_one_cm":10643,"minecraft:sneak_time":144,"minecraft:total_world_time":14743,"minecraft:climb_one_cm":134,"minecraft:hex":0,"minecraft:fall_one_cm":3671,"minecraft:fly_one_cm":95889},"minecraft:picked_up":{"minecraft:wheat_seeds":1},"minecraft:mined":{"minecraft:tall_grass":4,"minecraft:grass":5}},"DataVersion":3465}