{"stats":{"minecraft:broken":{"paladins:iron_mace":1,"minecraft:diamond_helmet":1,"minecraft:iron_boots":3,"minecraft:iron_chestplate":1,"minecraft:iron_leggings":2,"assortedtools:silver_pickaxe":1,"clutter:silver_boots":1,"minecraft:diamond_pickaxe":2,"assortedtools:copper_leggings":1,"paladins:paladin_armor_chest":1,"minecraft:diamond_leggings":1,"minecraft:chainmail_helmet":1,"minecraft:wooden_pickaxe":4,"minecraft:iron_axe":1,"minecraft:iron_pickaxe":33,"minecraft:iron_helmet":2,"minecraft:golden_helmet":1,"minecraft:iron_shovel":4,"rogues:rogue_armor_legs":1,"iceandfire:copper_sword":1,"iceandfire:armor_copper_metal_helmet":2,"minecraft:diamond_chestplate":1,"rogues:warrior_armor_head":1,"majruszsdifficulty:tattered_helmet":1,"wizards:wizard_robe_feet":1,"iceandfire:armor_copper_metal_boots":1,"paladins:paladin_armor_legs":1},"minecraft:dropped":{"iceandfire:chared_stone":46,"minecraft:glass_bottle":1,"minecraft:saddle":1,"minecraft:red_mushroom":2,"minecraft:dirt":117,"clutter:small_red_lupine":1,"minecraft:dark_oak_fence":2,"minecraft:chain":2,"minecraft:gold_nugget":58,"minecraft:phantom_membrane":1,"minecraft:iron_pickaxe":2,"minecraft:white_wool":2,"minecraft:sugar_cane":4,"minecraft:iron_nugget":30,"minecraft:cobbled_deepslate":461,"minecraft:birch_sapling":3,"minecraft:wheat":2,"minecraft:deepslate_brick_slab":72,"minecraft:rotten_flesh":56,"universal_graves:grave_compass":50,"minecraft:oak_planks":26,"minecraft:light_gray_carpet":2,"supplementaries:flax_seeds":3,"minecraft:tipped_arrow":1,"minecraft:deepslate_tiles":91,"iceandfire:ghost_chest":1,"iceandfire:crackled_cobblestone":18,"minecraft:enchanted_book":1,"minecraft:wheat_seeds":9,"clutter:copper_coin":13,"minecraft:oak_fence":1,"minecraft:feather":6,"minecraft:cobblestone":2057,"minecraft:granite":74,"minecraft:deepslate_tile_slab":122,"minecraft:coal":1,"minecraft:cobweb":11,"clutter:hops_seeds":1,"minecraft:golden_carrot":64,"iceandfire:copper_nugget":14,"clutter:small_white_lupine":1,"minecraft:chainmail_leggings":2,"minecraft:string":9,"minecraft:furnace":1,"minecraft:stone_slab":5,"minecraft:shears":1,"minecraft:pumpkin_seeds":8,"minecraft:spruce_planks":3,"minecraft:diamond_pickaxe":5,"minecraft:carved_pumpkin":6,"minecraft:bow":3,"iceandfire:crackled_stone":2,"minecraft:brown_mushroom":1,"minecraft:birch_planks":4,"naturalist:snail_shell":1,"majruszsdifficulty:tattered_helmet":2,"minecraft:lantern":1,"minecraft:iron_horse_armor":1,"travelersbackpack:standard":1,"assortedtools:silver_pickaxe":1,"minecraft:flint":2,"minecraft:deepslate_tile_stairs":35,"minecraft:dark_oak_log":4,"majruszsdifficulty:tattered_boots":2,"iceandfire:chared_gravel":1,"minecraft:birch_log":64,"minecraft:gravel":97,"minecraft:red_glazed_terracotta":1,"clutter:small_blue_lupine":1,"clutter:red_lupine":2,"minecraft:andesite_slab":10,"minecraft:diamond_shovel":1,"minecraft:chainmail_chestplate":1,"minecraft:poppy":3,"supplementaries:ash":26,"minecraft:skeleton_skull":3,"minecraft:beetroot_seeds":1,"doggytalents:rice_grains":6,"clutter:small_yellow_lupine":1,"minecraft:arrow":32,"minecraft:netherrack":618,"minecraft:mossy_cobblestone":1,"paladins:iron_mace":1,"minecraft:poisonous_potato":7,"clutter:small_purple_lupine":2,"minecraft:copper_ingot":1,"minecraft:spruce_stairs":6,"minecraft:stick":46,"minecraft:deepslate_brick_stairs":77,"minecraft:diorite":287,"iceandfire:crackled_dirt":6,"minecraft:jungle_leaves":1,"iceandfire:crackled_grass":1,"minecraft:granite_slab":19,"clutter:yellow_lupine":1,"minecraft:bucket":1,"iceandfire:dragonbone":15,"minecraft:redstone":4,"minecraft:polished_deepslate":21,"minecraft:wild_armor_trim_smithing_template":4,"minecraft:tuff":71,"minecraft:stripped_oak_log":1,"minecraft:deepslate_bricks":32,"minecraft:filled_map":6,"minecraft:andesite":67,"minecraft:oak_sapling":3,"iceandfire:dragonbone_bow":3,"minecraft:stone_pickaxe":1,"simplyswords:diamond_scythe":1,"minecraft:wooden_pickaxe":3},"minecraft:picked_up":{"minecraft:iron_chestplate":1,"iceandfire:copper_sword":1,"minecraft:flower_pot":1,"minecraft:anvil":1,"minecraft:prismarine_shard":2,"minecraft:smithing_table":1,"minecraft:wither_rose":1,"minecraft:enchanted_book":2,"minecraft:brewing_stand":3,"minecraft:amethyst_block":9,"iceandfire:manuscript":8,"minecraft:polished_deepslate":20,"minecraft:string":16,"iceandfire:myrmex_desert_biolight":5,"simplyswords:diamond_scythe":1,"minecraft:gold_nugget":2460,"minecraft:cobbled_deepslate":8601,"minecraft:spruce_planks":27,"iceandfire:myrmex_desert_resin":19,"minecraft:melon_slice":70,"clutter:red_lupine":2,"iceandfire:lightning_dragon_flesh":9,"minecraft:golden_chestplate":1,"minecraft:cauldron":2,"iceandfire:fire_dragon_heart":1,"minecraft:carved_pumpkin":11,"supplementaries:ash":38,"minecraft:birch_log":122,"iceandfire:dragonscales_black":4,"minecraft:magma_block":2,"minecraft:feather":6,"minecraft:water_bucket":2,"minecraft:jungle_log":58,"minecraft:flint":109,"clutter:yellow_lupine":1,"minecraft:lantern":16,"minecraft:stonecutter":2,"minecraft:dark_oak_sign":9,"naturalist:snail_shell":1,"clutter:sulphur":28,"iceandfire:dragon_skull_fire":2,"iceandfire:shiny_scales":11,"minecraft:ink_sac":2,"minecraft:granite_slab":33,"iceandfire:lightning_dragon_heart":2,"minecraft:dark_oak_log":6,"naturalist:duck_egg":3,"iceandfire:chared_cobblestone":63,"minecraft:polished_andesite":116,"clutter:small_white_lupine":1,"iceandfire:crackled_stone":6,"minecraft:granite":1171,"iceandfire:myrmex_desert_egg":2,"iceandfire:dragonbone_bow":5,"clutter:small_purple_lupine":2,"minecraft:light_gray_carpet":3,"minecraft:dark_oak_fence":3,"minecraft:bricks":1,"iceandfire:raw_silver":26,"clutter:blue_lupine":1,"minecraft:diamond_pickaxe":7,"iceandfire:dragon_skull_lightning":2,"minecraft:crafting_table":9,"iceandfire:witherbone":2,"minecraft:cornflower":1,"minecraft:red_bed":3,"minecraft:iron_shovel":1,"dungeonnowloading:spawner_fragment":55,"clutter:raw_silver":52,"minecraft:beef":5,"minecraft:iron_nugget":30,"minecraft:poppy":4,"minecraft:chest":36,"minecraft:quartz_stairs":3,"iceandfire:dragonscales_electric":5,"minecraft:birch_sapling":13,"iceandfire:armor_copper_metal_boots":1,"minecraft:carrot":1,"minecraft:redstone":214,"minecraft:beetroot_seeds":3,"minecraft:deepslate_bricks":7,"minecraft:gold_ingot":14,"minecraft:mutton":1,"minecraft:white_wool":2,"minecraft:bone_block":10,"minecraft:stripped_oak_log":1,"minecraft:birch_leaves":49,"clutter:silver_tiara":1,"iceandfire:sea_serpent_fang":4,"clutter:hops_seeds":2,"minecraft:red_glazed_terracotta":1,"majruszsdifficulty:tattered_helmet":4,"minecraft:red_mushroom":2,"minecraft:filled_map":1,"majruszsdifficulty:cloth":15,"doggytalents:rice_grains":9,"minecraft:oak_log":708,"minecraft:ancient_debris":28,"iceandfire:armor_copper_metal_helmet":1,"minecraft:apple":7,"minecraft:stone_bricks":7,"minecraft:kelp":32,"minecraft:wild_armor_trim_smithing_template":4,"minecraft:stone_pickaxe":2,"minecraft:cobweb":22,"iceandfire:chared_stone":102,"iceandfire:copper_nugget":14,"minecraft:smooth_basalt":6,"minecraft:dark_oak_slab":6,"clutter:small_red_lupine":1,"minecraft:gravel":479,"minecraft:spruce_sapling":2,"minecraft:spruce_log":14,"iceandfire:dragonscales_copper":21,"travelersbackpack:standard":17,"minecraft:slime_ball":12,"spellbladenext:spelloil":1,"minecraft:diamond_axe":1,"minecraft:painting":1,"minecraft:baked_potato":40,"minecraft:wheat":2,"minecraft:potion":2,"minecraft:stone_brick_stairs":8,"travelersbackpack:emerald":8,"minecraft:raw_copper":602,"iceandfire:sea_serpent_scales_teal":9,"minecraft:iron_leggings":1,"universal_graves:grave_compass":20,"minecraft:experience_bottle":1,"minecraft:deepslate_tiles":255,"minecraft:calcite":9,"minecraft:iron_pickaxe":3,"iceandfire:dragonscales_red":3,"minecraft:furnace":4,"minecraft:tipped_arrow":2,"iceandfire:pixie_dust":1,"minecraft:stick":56,"iceandfire:ghost_chest":1,"iceandfire:crackled_dirt":6,"minecraft:oak_fence":13,"iceandfire:pixie_house_mushroom_brown":2,"minecraft:torch":189,"minecraft:spruce_stairs":6,"minecraft:porkchop":10,"iceandfire:crackled_gravel":7,"minecraft:diorite":1234,"minecraft:vine":18,"minecraft:rotten_flesh":121,"iceandfire:crackled_grass":1,"iceandfire:myrmex_desert_chitin":10,"extraspellattributes:goldquartzring":1,"minecraft:deepslate_brick_stairs":50,"minecraft:obsidian":5,"minecraft:cod":12,"minecraft:cobblestone":12010,"minecraft:nautilus_shell":2,"minecraft:enchanting_table":1,"minecraft:andesite":677,"minecraft:potato":795,"minecraft:tuff":1064,"supplementaries:flax_seeds":11,"supplementaries:flute":1,"minecraft:lapis_lazuli":338,"minecraft:dirt":2213,"minecraft:stripped_birch_log":1,"minecraft:polished_granite":13,"minecraft:name_tag":1,"minecraft:bone":123,"clutter:small_yellow_lupine":1,"minecraft:bow":6,"minecraft:wheat_seeds":14,"minecraft:deepslate_brick_slab":15,"minecraft:raw_gold":68,"minecraft:grindstone":1,"minecraft:bamboo":139,"minecraft:oak_planks":31,"minecraft:music_disc_13":1,"minecraft:poisonous_potato":7,"minecraft:sand":218,"minecraft:jungle_planks":4,"minecraft:dead_bush":5,"minecraft:grass_block":25,"minecraft:cyan_bed":5,"minecraft:jungle_leaves":1,"clutter:copper_coin":13,"minecraft:diamond":130,"minecraft:bone_meal":3,"minecraft:emerald":14,"minecraft:oak_sapling":68,"minecraft:netherrack":1992,"minecraft:andesite_slab":10,"minecraft:oak_leaves":140,"majruszsdifficulty:tattered_boots":3,"minecraft:cocoa_beans":6,"minecraft:chicken":1,"minecraft:ladder":2,"minecraft:brown_mushroom":1,"minecraft:wooden_pickaxe":3,"minecraft:chain":1,"extraspellattributes:goldquartzamulet":2,"minecraft:shield":1,"minecraft:iron_axe":4,"minecraft:item_frame":1,"minecraft:blackstone":71,"graveyard:corruption":1,"minecraft:oak_boat":7,"minecraft:player_head":2,"minecraft:sugar_cane":48,"minecraft:phantom_membrane":1,"minecraft:dark_oak_sapling":1,"minecraft:stripped_crimson_hyphae":5,"minecraft:raw_iron":409,"iceandfire:dragonbone":86,"minecraft:copper_ingot":2,"iceandfire:myrmex_resin_desert":19,"clutter:small_blue_lupine":1,"assortedtools:silver_pickaxe":3,"minecraft:dark_oak_planks":8,"minecraft:arrow":64,"iceandfire:silver_ingot":5,"iceandfire:chared_dirt":24,"minecraft:saddle":1,"iceandfire:myrmex_resin_sticky_desert":11,"minecraft:skeleton_skull":3,"minecraft:basalt":77,"minecraft:leather":7,"minecraft:birch_planks":5,"iceandfire:ectoplasm":9,"minecraft:deepslate_tile_slab":13,"naturalist:bass":11,"assortedtools:copper_leggings":1,"minecraft:iron_ingot":63,"farmersdelight:apple_cider":1,"minecraft:polished_andesite_slab":4,"iceandfire:fire_dragon_flesh":7,"minecraft:acacia_sapling":1,"iceandfire:crackled_cobblestone":18,"minecraft:book":202,"minecraft:oak_slab":43,"minecraft:birch_boat":2,"minecraft:pumpkin":8,"iceandfire:ash":16,"minecraft:quartz":649,"doggytalents:salmon_sushi":2,"majruszsdifficulty:bandage":11,"minecraft:spider_eye":3,"minecraft:pumpkin_seeds":28,"iceandfire:desert_myrmex_cocoon":3,"minecraft:chainmail_leggings":2,"minecraft:iron_helmet":1,"paladins:iron_mace":1,"minecraft:terracotta":17,"iceandfire:chared_gravel":12,"minecraft:dark_oak_wood":1,"majruszsdifficulty:tattered_chestplate":1,"minecraft:coal":1030},"minecraft:used":{"minecraft:beetroot":8,"minecraft:ladder":128,"minecraft:poppy":1,"minecraft:chest":84,"minecraft:quartz_stairs":3,"minecraft:deepslate_brick_slab":191,"travelersbackpack:emerald":11,"minecraft:spruce_boat":1,"minecraft:grass_block":17,"minecraft:birch_sapling":2,"minecraft:dark_oak_slab":5,"minecraft:stone_brick_stairs":33,"supplementaries:bomb_blue":1,"iceandfire:chared_stone":1,"minecraft:oak_sapling":42,"minecraft:furnace":7,"minecraft:potato":281,"minecraft:diorite":117,"minecraft:blackstone":12,"minecraft:wooden_pickaxe":236,"rogues:iron_double_axe":162,"minecraft:oak_leaves":45,"minecraft:golden_apple":5,"minecraft:sand":46,"minecraft:blast_furnace":4,"minecraft:deepslate_brick_stairs":101,"minecraft:deepslate_tiles":1072,"minecraft:polished_granite":13,"minecraft:polished_andesite_slab":2,"minecraft:diamond_sword":169,"minecraft:dark_oak_fence":1,"minecraft:smithing_table":2,"supplementaries:bamboo_spikes":1,"minecraft:oak_boat":19,"minecraft:enchanting_table":2,"minecraft:carved_pumpkin":2,"iceandfire:myrmex_resin_sticky_desert":3,"minecraft:netherrack":150,"minecraft:torch":376,"minecraft:brewing_stand":2,"minecraft:anvil":3,"iceandfire:copper_sword":276,"assortedtools:emerald_multitool":2335,"minecraft:light_weighted_pressure_plate":4,"minecraft:iron_axe":450,"minecraft:iron_block":8,"minecraft:barrel":3,"minecraft:bamboo":52,"minecraft:cobbled_deepslate":1041,"naturalist:bass":11,"minecraft:water_bucket":109,"minecraft:birch_planks":21,"minecraft:cauldron":3,"minecraft:deepslate_bricks":39,"iceandfire:chared_dirt":9,"minecraft:crafting_table":19,"minecraft:oak_slab":269,"minecraft:red_bed":3,"paladins:iron_mace":237,"minecraft:cod":12,"minecraft:oak_log":254,"minecraft:diamond_pickaxe":22255,"majruszsdifficulty:undead_army_treasure_bag":1,"minecraft:diamond_shovel":367,"minecraft:iron_pickaxe":8240,"minecraft:cobblestone":896,"minecraft:potion":1,"travelersbackpack:standard":34,"minecraft:porkchop":10,"minecraft:iron_shovel":1499,"minecraft:polished_deepslate":131,"minecraft:diamond_hoe":139,"minecraft:shield":18,"minecraft:carrot":64,"minecraft:deepslate_tile_slab":19,"minecraft:tuff":53,"clutter:silver_tiara":2,"minecraft:lantern":67,"paladins:paladin_armor_head":1,"minecraft:stone_bricks":77,"minecraft:item_frame":1,"minecraft:diamond_boots":1,"clutter:golden_door":2,"minecraft:stone_pickaxe":14,"minecraft:oak_planks":43,"minecraft:sugar_cane":44,"minecraft:crossbow":41,"minecraft:shears":223,"minecraft:melon_slice":69,"minecraft:bread":49,"minecraft:cyan_bed":2,"minecraft:gravel":37,"minecraft:granite_slab":14,"assortedtools:emerald_axe":805,"minecraft:grindstone":2,"minecraft:andesite":17,"minecraft:cobweb":3,"minecraft:bone_meal":333,"minecraft:experience_bottle":16,"minecraft:oak_fence":231,"minecraft:redstone":1,"minecraft:spruce_planks":8,"minecraft:dirt":1487,"minecraft:diamond_helmet":3,"minecraft:granite":32,"minecraft:bookshelf":63,"assortedtools:silver_pickaxe":3148,"supplementaries:pancake":8,"minecraft:golden_carrot":60,"minecraft:deepslate_tile_stairs":3,"minecraft:pumpkin":6,"minecraft:polished_andesite":118,"minecraft:baked_potato":219,"minecraft:birch_boat":5,"minecraft:stonecutter":3,"minecraft:terracotta":17,"minecraft:smoker":4,"farmersdelight:apple_cider":1,"iceandfire:dragonbone_bow":96,"minecraft:chicken":1,"iceandfire:ash":6,"refurbished_furniture:light_electricity_generator":2,"iceandfire:chared_gravel":6,"minecraft:stripped_crimson_hyphae":5,"minecraft:bucket":111},"minecraft:killed":{"illagerinvasion:archivist":2,"naturalist:boar":5,"illagerinvasion:basher":2,"minecraft:skeleton":48,"minecraft:chicken":1,"iceandfire:myrmex_worker":15,"majruszsdifficulty:tank":1,"minecraft:zombie":69,"iceandfire:myrmex_queen":1,"iceandfire:lightning_dragon":1,"minecraft:cow":1,"iceandfire:sea_serpent":1,"minecraft:vindicator":4,"majruszsdifficulty:illusioner":1,"naturalist:coral_snake":1,"iceandfire:siren":4,"naturalist:giraffe":1,"iceandfire:hippocampus":1,"minecraft:husk":5,"graveyard:ghoul":4,"majruszsdifficulty:cursed_armor":2,"whisperwoods:zotzpyre":8,"iceandfire:ghost":17,"minecraft:enderman":1,"minecraft:witch":1,"minecraft:spider":8,"creeperoverhaul:bamboo_creeper":1,"naturalist:snail":2,"iceandfire:myrmex_royal":2,"illagerinvasion:provoker":3,"minecraft:illusioner":2,"minecraft:piglin":1,"minecraft:sheep":1,"illagerinvasion:sorcerer":1,"minecraft:stray":6,"minecraft:vex":1,"minecraft:slime":18,"minecraft:phantom":4,"iceandfire:fire_dragon":1,"naturalist:bass":13,"minecraft:drowned":24,"iceandfire:myrmex_sentinel":3,"whisperwoods:hidebehind":1,"iceandfire:myrmex_soldier":10,"minecraft:wither_skeleton":5,"minecraft:player":1,"naturalist:sparrow":1},"minecraft:crafted":{"minecraft:smooth_stone":25,"minecraft:birch_boat":3,"minecraft:bookshelf":66,"minecraft:glass":9,"minecraft:quartz_block":60,"minecraft:diamond_helmet":3,"minecraft:diamond_leggings":3,"clutter:golden_door":3,"clutter:silver_leggings":1,"minecraft:glass_bottle":9,"minecraft:emerald":24,"minecraft:smithing_table":1,"minecraft:mossy_cobblestone":18,"minecraft:copper_ingot":25,"travelersbackpack:emerald":1,"minecraft:stone_brick_stairs":4,"minecraft:stone_slab":6,"minecraft:iron_pickaxe":33,"minecraft:iron_block":24,"minecraft:gold_ingot":262,"minecraft:netherite_ingot":6,"minecraft:golden_carrot":211,"minecraft:iron_nugget":702,"minecraft:diamond_hoe":1,"minecraft:bone_meal":330,"iceandfire:armor_copper_metal_helmet":2,"minecraft:lantern":68,"minecraft:ladder":129,"minecraft:diamond_boots":3,"minecraft:spruce_boat":1,"minecraft:redstone_block":7,"minecraft:dark_oak_planks":8,"clutter:silver_boots":1,"minecraft:golden_helmet":1,"minecraft:enchanting_table":1,"minecraft:enchanted_book":7,"minecraft:jungle_slab":6,"minecraft:golden_apple":2,"minecraft:iron_shovel":9,"minecraft:iron_leggings":2,"assortedtools:emerald_multitool":1,"minecraft:grindstone":1,"minecraft:oak_planks":1680,"minecraft:barrel":3,"assortedtools:silver_pickaxe":6,"minecraft:stone":366,"iceandfire:armor_copper_metal_boots":1,"minecraft:bow":2,"minecraft:iron_boots":2,"minecraft:chest":79,"minecraft:jungle_stairs":8,"minecraft:oak_fence":219,"minecraft:smoker":4,"refurbished_furniture:light_electricity_generator":2,"minecraft:quartz_stairs":8,"minecraft:oak_slab":240,"minecraft:cauldron":1,"minecraft:crafting_table":11,"minecraft:spruce_planks":56,"minecraft:iron_helmet":3,"minecraft:baked_potato":253,"minecraft:wooden_pickaxe":4,"minecraft:birch_planks":224,"minecraft:iron_chestplate":3,"minecraft:diamond_pickaxe":8,"minecraft:shield":1,"minecraft:light_weighted_pressure_plate":4,"minecraft:stick":737,"minecraft:iron_ingot":409,"minecraft:shears":1,"clutter:silver_ingot":23,"assortedtools:emerald_hoe":1,"minecraft:furnace":14,"assortedtools:copper_leggings":1,"minecraft:blast_furnace":6,"minecraft:iron_axe":3,"clutter:silver_chestplate":1,"minecraft:netherite_scrap":25,"minecraft:diamond_sword":1,"iceandfire:silver_ingot":15,"minecraft:bucket":4,"assortedtools:emerald_shovel":1,"minecraft:wild_armor_trim_smithing_template":8,"minecraft:bread":9,"minecraft:air":0,"minecraft:jungle_planks":232,"minecraft:oak_boat":16,"assortedtools:emerald_pickaxe":1,"clutter:silver_tiara":1,"minecraft:gold_nugget":1688,"minecraft:stonecutter":1,"minecraft:anvil":2,"minecraft:torch":468,"assortedtools:emerald_axe":2,"assortedtools:emerald_sword":1,"minecraft:diamond_chestplate":3},"minecraft:custom":{"minecraft:interact_with_crafting_table":187,"minecraft:open_barrel":49,"minecraft:leave_game":33,"minecraft:time_since_death":4441,"minecraft:damage_blocked_by_shield":1509,"minecraft:play_time":2319550,"minecraft:deaths":83,"minecraft:jump":20814,"minecraft:enchant_item":21,"minecraft:interact_with_furnace":104,"minecraft:traded_with_villager":31,"minecraft:sleep_in_bed":89,"minecraft:damage_dealt":68952,"minecraft:inspect_dispenser":2,"minecraft:horse_one_cm":5512,"minecraft:interact_with_smithing_table":2,"minecraft:interact_with_anvil":9,"minecraft:sneak_time":349295,"minecraft:interact_with_blast_furnace":3,"minecraft:total_world_time":2319550,"minecraft:interact_with_stonecutter":22,"minecraft:time_since_rest":5096,"minecraft:swim_one_cm":779668,"minecraft:fly_one_cm":3215640,"minecraft:open_chest":1180,"minecraft:fall_one_cm":447736,"minecraft:sprint_one_cm":2763661,"minecraft:drop":350,"minecraft:talked_to_villager":13,"minecraft:interact_with_brewingstand":1,"minecraft:walk_on_water_one_cm":302586,"minecraft:crouch_one_cm":1385302,"minecraft:mob_kills":315,"minecraft:fill_cauldron":2,"minecraft:damage_dealt_resisted":1097,"minecraft:climb_one_cm":906518,"minecraft:walk_one_cm":5134160,"minecraft:walk_under_water_one_cm":342975,"minecraft:boat_one_cm":2300587,"minecraft:interact_with_grindstone":2,"minecraft:hex":0,"minecraft:damage_taken":43794,"minecraft:damage_absorbed":19200,"minecraft:trigger_trapped_chest":4},"minecraft:killed_by":{"iceandfire:siren":1,"minecraft:zombie":7,"minecraft:vex":4,"minecraft:husk":2,"minecraft:stray":4,"iceandfire:ghost":2,"minecraft:wither_skeleton":1,"minecraft:creeper":2,"graveyard:skeleton_creeper":4,"creeperoverhaul:ocean_creeper":1,"creeperoverhaul:cave_creeper":1,"iceandfire:ice_dragon":3,"majruszsdifficulty:cerberus":3,"iceandfire:fire_dragon":19,"majruszsdifficulty:tank":1,"minecraft:player":1,"graveyard:ghoul":2,"minecraft:skeleton":8,"iceandfire:lightning_dragon":2},"minecraft:mined":{"minecraft:dark_oak_planks":8,"iceandfire:myrmex_resin_desert":13,"iceandfire:copper_pile":1,"minecraft:jungle_leaves":14,"minecraft:carved_pumpkin":5,"minecraft:obsidian":5,"minecraft:granite":1120,"clutter:deepslate_silver_ore":9,"minecraft:jungle_log":60,"minecraft:deepslate_bricks":7,"minecraft:spawner":9,"minecraft:magma_block":2,"minecraft:cobbled_deepslate":26,"minecraft:fire":62,"minecraft:pumpkin":2,"minecraft:granite_slab":18,"minecraft:deepslate_lapis_ore":26,"minecraft:enchanting_table":1,"iceandfire:gold_pile":295,"minecraft:water_cauldron":2,"amendments:wall_lantern":4,"minecraft:deepslate_brick_stairs":51,"minecraft:red_bed":4,"minecraft:kelp_plant":8,"minecraft:deepslate_tile_slab":19,"iceandfire:myrmex_resin_sticky_desert":11,"minecraft:powder_snow":1,"minecraft:torch":78,"minecraft:dark_oak_wood":1,"minecraft:melon":15,"minecraft:cyan_bed":5,"minecraft:sugar_cane":27,"minecraft:amethyst_block":9,"minecraft:skeleton_skull":1,"iceandfire:crackled_stone":6,"clutter:yellow_lupine":1,"minecraft:wither_rose":1,"minecraft:stone_brick_stairs":8,"minecraft:grass":63,"minecraft:smooth_basalt":6,"minecraft:red_mushroom_block":8,"minecraft:stonecutter":2,"travelersbackpack:emerald":8,"minecraft:deepslate":11130,"clutter:small_purple_lupine":2,"minecraft:deepslate_tiles":301,"iceandfire:silver_ore":26,"minecraft:mossy_cobblestone":2,"minecraft:dark_oak_log":4,"minecraft:stripped_birch_log":1,"minecraft:dark_oak_fence":3,"minecraft:redstone_wire":1,"minecraft:kelp":1,"iceandfire:myrmex_desert_biolight":5,"minecraft:black_stained_glass_pane":1,"minecraft:redstone_ore":1,"iceandfire:chared_gravel":13,"minecraft:andesite":851,"minecraft:potatoes":215,"minecraft:vine":57,"minecraft:bamboo":19,"minecraft:bone_block":10,"minecraft:smithing_table":1,"minecraft:oak_slab":35,"minecraft:light_gray_carpet":1,"iceandfire:pixie_house_mushroom_brown":2,"minecraft:emerald_ore":5,"clutter:basalt_sulphur_ore":20,"minecraft:tall_grass":8,"minecraft:copper_ore":138,"minecraft:deepslate_gold_ore":53,"minecraft:diorite":1222,"clutter:small_blue_lupine":1,"minecraft:cobblestone_wall":2,"iceandfire:desert_myrmex_cocoon":3,"minecraft:spruce_log":14,"minecraft:birch_leaves":145,"minecraft:gravel":494,"minecraft:cobweb":1,"minecraft:stone_bricks":7,"minecraft:gold_ore":1,"minecraft:fern":12,"minecraft:spruce_planks":27,"iceandfire:graveyard_soil":1,"minecraft:oak_sapling":1,"clutter:red_lupine":2,"minecraft:brewing_stand":3,"minecraft:budding_amethyst":1,"minecraft:stripped_crimson_hyphae":5,"minecraft:grass_block":917,"iceandfire:crackled_cobblestone":23,"supplementaries:ash":3,"minecraft:iron_ore":216,"minecraft:anvil":1,"iceandfire:crackled_dirt":10,"clutter:silver_ore":8,"minecraft:potted_cornflower":1,"iceandfire:chared_cobblestone":74,"minecraft:deepslate_redstone_ore":44,"minecraft:blackstone":71,"clutter:small_white_lupine":1,"minecraft:calcite":9,"minecraft:poppy":4,"iceandfire:ghost_chest":3,"minecraft:chest":37,"minecraft:mushroom_stem":2,"minecraft:nether_quartz_ore":537,"minecraft:cobblestone":340,"minecraft:grindstone":1,"minecraft:oak_planks":20,"minecraft:wall_torch":39,"minecraft:deepslate_copper_ore":4,"minecraft:dark_oak_slab":4,"minecraft:birch_log":122,"minecraft:oak_log":719,"clutter:blue_lupine":1,"minecraft:sand":222,"minecraft:dirt":1334,"minecraft:netherrack":2366,"minecraft:ancient_debris":28,"minecraft:oak_leaves":551,"iceandfire:chared_stone":110,"minecraft:nether_gold_ore":3,"minecraft:diamond_ore":7,"minecraft:tuff":1630,"minecraft:quartz_stairs":3,"minecraft:dark_oak_leaves":8,"minecraft:deepslate_diamond_ore":70,"iceandfire:crackled_gravel":7,"minecraft:glow_lichen":1,"minecraft:ladder":2,"minecraft:polished_andesite_slab":3,"iceandfire:chared_dirt":25,"minecraft:spruce_leaves":55,"clutter:small_red_lupine":1,"minecraft:deepslate_brick_slab":12,"minecraft:furnace":4,"iceandfire:crackled_grass":1,"clutter:small_yellow_lupine":1,"minecraft:polished_deepslate":27,"minecraft:bookshelf":67,"minecraft:deepslate_iron_ore":6,"minecraft:lantern":11,"minecraft:stripped_oak_log":1,"minecraft:stone":12603,"minecraft:podzol":5,"minecraft:basalt":79,"minecraft:polished_granite":13,"travelersbackpack:standard":17,"minecraft:oak_fence":13,"minecraft:crafting_table":9,"minecraft:andesite_slab":5,"minecraft:red_glazed_terracotta":1,"minecraft:lapis_ore":14,"supplementaries:urn":9,"minecraft:spruce_stairs":6,"farmersdelight:wild_beetroots":1,"minecraft:birch_planks":1,"iceandfire:ash":16,"minecraft:coal_ore":561,"minecraft:cocoa":2,"supplementaries:pancake":1,"minecraft:terracotta":17,"minecraft:polished_andesite":128,"clutter:small_magenta_lupine":1}},"DataVersion":3465}