{"stats":{"minecraft:broken":{"minecraft:shears":1,"majruszsdifficulty:tattered_boots":1,"minecraft:iron_boots":1,"majruszsdifficulty:tattered_leggings":1,"minecraft:iron_chestplate":1,"minecraft:diamond_shovel":1,"minecraft:diamond_pickaxe":1,"minecraft:iron_hoe":1,"minecraft:leather_helmet":1,"minecraft:chainmail_leggings":1,"minecraft:stone_sword":1,"minecraft:chainmail_helmet":1,"minecraft:wooden_pickaxe":2,"minecraft:iron_axe":4,"minecraft:iron_pickaxe":4,"minecraft:iron_helmet":1,"minecraft:golden_helmet":1,"minecraft:iron_shovel":1,"minecraft:stone_pickaxe":2,"minecraft:chainmail_chestplate":2,"minecraft:wooden_axe":1,"rogues:warrior_armor_head":1,"archers:archer_armor_legs":1,"wizards:wizard_robe_head":1,"majruszsdifficulty:tattered_helmet":1,"wizards:wizard_robe_feet":2,"majruszsdifficulty:tattered_chestplate":1,"paladins:paladin_armor_legs":1},"minecraft:dropped":{"minecraft:stripped_mangrove_wood":4,"minecraft:glass_bottle":10,"minecraft:leather_helmet":1,"minecraft:red_carpet":7,"minecraft:item_frame":1,"minecraft:dirt":49,"minecraft:chain":2,"minecraft:dark_oak_planks":13,"minecraft:white_wool":9,"minecraft:cyan_carpet":7,"minecraft:bone":15,"minecraft:stone_axe":1,"minecraft:cobbled_deepslate":1,"minecraft:birch_sapling":2,"minecraft:wheat":17,"rogues:warrior_armor_feet":1,"minecraft:rotten_flesh":70,"minecraft:birch_wood":1,"minecraft:tipped_arrow":34,"minecraft:leather_leggings":4,"minecraft:glass":4,"minecraft:beef":18,"minecraft:iron_ingot":44,"minecraft:stripped_mangrove_log":1,"minecraft:wheat_seeds":18,"minecraft:copper_block":2,"clutter:copper_coin":83,"minecraft:yellow_terracotta":3,"minecraft:cobblestone":104,"minecraft:book":2,"majruszsdifficulty:soul_jar":3,"minecraft:granite":4,"minecraft:coal":47,"minecraft:polished_andesite":2,"minecraft:oxeye_daisy":2,"clutter:cherries":37,"minecraft:golden_carrot":4,"minecraft:smooth_stone":4,"minecraft:chainmail_leggings":1,"minecraft:iron_shovel":1,"minecraft:string":67,"minecraft:trapped_chest":1,"minecraft:spruce_sapling":16,"minecraft:furnace":2,"minecraft:cobblestone_wall":1,"minecraft:spruce_fence":2,"minecraft:cobblestone_slab":52,"supplementaries:quiver":1,"minecraft:cyan_wool":5,"minecraft:flower_pot":2,"minecraft:peony":1,"minecraft:spruce_planks":22,"minecraft:diamond_pickaxe":1,"minecraft:bamboo":7,"minecraft:spider_eye":1,"minecraft:stone_bricks":11,"minecraft:bow":1,"minecraft:blue_orchid":5,"minecraft:birch_planks":14,"minecraft:candle":5,"minecraft:dark_oak_stairs":1,"minecraft:dark_oak_sapling":4,"minecraft:leather":3,"iceandfire:tide_trident":1,"minecraft:iron_horse_armor":1,"travelersbackpack:standard":4,"minecraft:flint":11,"minecraft:cobblestone_stairs":2,"majruszsdifficulty:cerberus_fang":1,"minecraft:dark_oak_wood":9,"majruszsdifficulty:tattered_boots":1,"minecraft:snowball":32,"minecraft:gold_ingot":90,"minecraft:armor_stand":2,"minecraft:gravel":194,"minecraft:carrot":718,"minecraft:chainmail_chestplate":2,"minecraft:poppy":1,"minecraft:leather_chestplate":2,"supplementaries:ash":15,"minecraft:gunpowder":11,"minecraft:beetroot_seeds":10,"minecraft:chainmail_boots":2,"doggytalents:rice_grains":1,"minecraft:arrow":43,"minecraft:purple_carpet":6,"minecraft:water_bucket":1,"minecraft:bread":43,"minecraft:mossy_cobblestone":5,"minecraft:spectral_arrow":20,"minecraft:amethyst_block":2,"minecraft:copper_ingot":6,"minecraft:spruce_stairs":5,"minecraft:stick":62,"minecraft:iron_block":9,"minecraft:torch":1,"minecraft:leather_horse_armor":1,"minecraft:smooth_quartz":10,"minecraft:nether_brick_slab":3,"minecraft:raw_copper":48,"assortedtools:pokeball":5,"minecraft:raw_iron":64,"minecraft:filled_map":2,"minecraft:shield":2,"minecraft:andesite":5,"minecraft:cake":1,"minecraft:mossy_stone_bricks":10,"minecraft:oak_sapling":3,"minecraft:wooden_pickaxe":1,"minecraft:raw_gold":1},"minecraft:used":{"minecraft:spruce_slab":27,"minecraft:poppy":2,"minecraft:chest":41,"minecraft:stone":44,"minecraft:rotten_flesh":40,"minecraft:soul_sand":2,"naturalist:cooked_bass":3,"minecraft:grass_block":2,"iceandfire:ghost_chest":1,"minecraft:dark_oak_slab":20,"minecraft:cherry_leaves":1578,"minecraft:dark_oak_button":4,"minecraft:bow":775,"minecraft:dark_oak_boat":8,"minecraft:sweet_berries":3,"supplementaries:ash":1,"minecraft:furnace":7,"minecraft:cooked_cod":8,"paladins:stone_claymore":51,"minecraft:potato":6,"clutter:cherries":9,"minecraft:diorite":3,"minecraft:powered_rail":3,"minecraft:wooden_pickaxe":143,"minecraft:composter":4,"minecraft:jungle_boat":6,"minecraft:oak_leaves":7,"minecraft:golden_apple":5,"minecraft:dark_oak_trapdoor":9,"dungeonnowloading:spawner_sword":297,"minecraft:blast_furnace":2,"minecraft:lightning_rod":2,"minecraft:lectern":48,"minecraft:flowering_azalea_leaves":5,"minecraft:diamond_sword":4,"minecraft:coal_block":1,"majruszsdifficulty:undead_battle_standard":1,"minecraft:dark_oak_fence":1,"minecraft:smithing_table":3,"minecraft:oak_boat":1,"minecraft:stone_sword":145,"minecraft:armor_stand":9,"minecraft:cooked_salmon":2,"minecraft:netherrack":210,"minecraft:stick":2,"minecraft:orange_bed":1,"minecraft:torch":734,"minecraft:anvil":1,"minecraft:iron_axe":889,"minecraft:smooth_quartz":1,"minecraft:barrel":16,"minecraft:bamboo":65,"minecraft:glowstone":17,"minecraft:beef":5,"minecraft:cherry_fence":15,"minecraft:cherry_log":169,"minecraft:cobbled_deepslate":58,"minecraft:acacia_planks":8,"minecraft:observer":2,"minecraft:wheat_seeds":1,"minecraft:water_bucket":133,"minecraft:birch_planks":26,"assortedtools:silver_spear":136,"minecraft:salmon":6,"minecraft:rail":22,"minecraft:crafting_table":21,"minecraft:red_bed":4,"minecraft:cod":3,"minecraft:spruce_log":4,"minecraft:oak_log":3,"minecraft:dark_prismarine":10,"minecraft:diamond_pickaxe":1767,"majruszsdifficulty:undead_army_treasure_bag":5,"minecraft:diamond_shovel":3524,"minecraft:iron_pickaxe":1093,"minecraft:spruce_sapling":42,"paladins:iron_great_hammer":2,"minecraft:cobblestone":751,"travelersbackpack:standard":127,"minecraft:glass_pane":64,"minecraft:kelp":12,"minecraft:dandelion":8,"minecraft:cherry_sapling":45,"minecraft:iron_shovel":251,"travelersbackpack:lapis":175,"minecraft:shield":17,"minecraft:bell":1,"minecraft:player_head":1,"minecraft:iron_chestplate":1,"minecraft:jungle_planks":23,"minecraft:carrot":322,"minecraft:honey_bottle":12,"minecraft:glass":408,"minecraft:bricks":3,"minecraft:hopper_minecart":5,"minecraft:stone_bricks":74,"minecraft:item_frame":1,"minecraft:magma_block":3,"minecraft:gray_bed":1,"minecraft:dark_oak_sapling":112,"minecraft:dark_oak_stairs":805,"minecraft:stone_pickaxe":147,"minecraft:dark_oak_sign":9,"minecraft:oak_planks":29,"minecraft:ender_pearl":1,"spellbladenext:arcane_blade":252,"minecraft:diamond_axe":1485,"minecraft:blue_bed":1,"minecraft:white_wool":16,"travelersbackpack:blue_sleeping_bag":4,"minecraft:crossbow":1,"minecraft:note_block":2,"majruszsdifficulty:tattered_leggings":3,"minecraft:shears":361,"minecraft:redstone_torch":20,"minecraft:sticky_piston":1,"minecraft:dark_oak_log":320,"minecraft:bread":166,"minecraft:gravel":68,"minecraft:andesite":22,"minecraft:smooth_stone_slab":17,"minecraft:bone_meal":398,"minecraft:flint_and_steel":24,"minecraft:spruce_planks":694,"minecraft:dirt":2509,"minecraft:hopper":2,"minecraft:granite":6,"minecraft:dark_oak_planks":1213,"minecraft:iron_hoe":396,"minecraft:wooden_axe":59,"assortedtools:silver_pickaxe":797,"minecraft:golden_carrot":69,"minecraft:minecart":20,"minecraft:cobblestone_stairs":6,"minecraft:baked_potato":20,"minecraft:green_bed":4,"minecraft:cobblestone_slab":43,"minecraft:terracotta":29,"minecraft:dark_oak_door":4,"minecraft:netherite_axe":4,"minecraft:stone_axe":9,"majruszsdifficulty:bandage":2,"minecraft:bucket":133,"minecraft:pumpkin_pie":2,"minecraft:purple_carpet":4,"minecraft:splash_potion":2,"minecraft:smooth_stone":43,"minecraft:chainmail_leggings":3},"minecraft:picked_up":{"minecraft:chainmail_boots":3,"minecraft:flower_pot":8,"minecraft:anvil":2,"minecraft:smithing_table":2,"minecraft:lead":3,"minecraft:diamond_sword":3,"minecraft:enchanted_book":6,"minecraft:brewing_stand":1,"minecraft:polished_deepslate_wall":1,"minecraft:polished_deepslate":1,"minecraft:string":192,"minecraft:dark_oak_trapdoor":1,"minecraft:soul_soil":1,"minecraft:cooked_salmon":1,"minecraft:beetroot":1,"minecraft:gold_nugget":395,"minecraft:cobbled_deepslate":45,"assortedtools:pokeball":54,"minecraft:spruce_planks":93,"minecraft:hopper_minecart":1,"minecraft:coal_block":58,"minecraft:dark_oak_door":3,"minecraft:beehive":3,"minecraft:composter":5,"minecraft:green_bed":5,"minecraft:lightning_rod":2,"minecraft:cherry_log":176,"paladins:monk_workbench":1,"minecraft:golden_chestplate":1,"minecraft:rabbit_foot":1,"minecraft:stone_sword":1,"minecraft:honey_bottle":35,"clutter:coin_pouch":2,"minecraft:tropical_fish":3,"minecraft:iron_block":9,"supplementaries:quiver":3,"supplementaries:ash":382,"majruszsdifficulty:undead_army_treasure_bag":1,"minecraft:iron_bars":8,"minecraft:snowball":134,"minecraft:birch_log":22,"minecraft:magma_block":41,"minecraft:feather":1,"minecraft:iron_door":3,"minecraft:cherry_leaves":352,"minecraft:water_bucket":1,"minecraft:jungle_log":12,"minecraft:copper_block":2,"minecraft:dark_oak_boat":5,"minecraft:smoker":5,"minecraft:flint":74,"minecraft:cherry_fence":6,"spellbladenext:fire_blade":1,"minecraft:lantern":38,"minecraft:purple_carpet":4,"minecraft:dark_oak_sign":15,"minecraft:rabbit":2,"minecraft:diamond_helmet":1,"minecraft:glowstone_dust":365,"minecraft:honeycomb":61,"iceandfire:shiny_scales":4,"minecraft:stripped_spruce_log":1,"minecraft:trapped_chest":1,"minecraft:dark_oak_log":1010,"iceandfire:myrmex_stinger":2,"minecraft:barrel":20,"minecraft:polished_andesite":4,"minecraft:granite":25,"minecraft:chainmail_helmet":3,"minecraft:bread":22,"rogues:iron_dagger":1,"minecraft:bricks":15,"minecraft:crafting_table":3,"iceandfire:raw_silver":1,"minecraft:diamond_pickaxe":3,"iceandfire:dragon_skull_lightning":1,"minecraft:spruce_leaves":2,"minecraft:purple_wool":19,"iceandfire:witherbone":11,"minecraft:leather_leggings":6,"minecraft:stripped_mangrove_log":1,"minecraft:cornflower":3,"minecraft:red_bed":5,"artifacts:power_glove":1,"dungeonnowloading:spawner_fragment":264,"clutter:raw_silver":17,"minecraft:cartography_table":1,"travelersbackpack:lapis":43,"minecraft:beef":24,"minecraft:cyan_wool":5,"minecraft:poppy":4,"minecraft:jungle_sapling":1,"minecraft:iron_nugget":10,"minecraft:spruce_slab":15,"minecraft:minecart":6,"minecraft:chest":11,"minecraft:birch_sapling":7,"minecraft:egg":3,"minecraft:stone":1,"minecraft:spruce_fence":5,"minecraft:fire_charge":2,"minecraft:cake":1,"minecraft:carrot":873,"minecraft:redstone":67,"minecraft:prismarine_crystals":10,"minecraft:beetroot_seeds":10,"minecraft:peony":29,"minecraft:shears":1,"minecraft:hay_block":71,"majruszsdifficulty:soul_jar":2,"minecraft:yellow_terracotta":3,"minecraft:gold_ingot":36,"minecraft:mutton":6,"minecraft:white_wool":32,"minecraft:oxeye_daisy":6,"iceandfire:sea_serpent_fang":9,"majruszsdifficulty:tattered_helmet":4,"minecraft:acacia_wood":6,"minecraft:filled_map":2,"majruszsdifficulty:cloth":15,"doggytalents:rice_grains":60,"minecraft:oak_log":17,"minecraft:ancient_debris":17,"minecraft:golden_boots":2,"minecraft:blue_bed":1,"minecraft:paper":5,"minecraft:apple":26,"minecraft:stone_bricks":35,"minecraft:kelp":24,"majruszsdifficulty:tattered_leggings":5,"minecraft:cobweb":4,"minecraft:glass_bottle":14,"minecraft:iron_sword":2,"minecraft:dark_oak_stairs":200,"iceandfire:copper_nugget":446,"minecraft:dark_oak_slab":7,"minecraft:sweet_berries":12,"minecraft:gravel":748,"travelersbackpack:blue_sleeping_bag":4,"clutter:cotton_seeds":2,"minecraft:spruce_sapling":93,"minecraft:spruce_log":261,"minecraft:crying_obsidian":12,"minecraft:archer_pottery_sherd":16,"minecraft:leather_helmet":1,"minecraft:diamond_shovel":2,"travelersbackpack:standard":12,"iceandfire:dragon_flute":1,"minecraft:firework_rocket":1,"minecraft:slime_ball":14,"spellbladenext:spelloil":1,"minecraft:diamond_axe":4,"minecraft:ender_pearl":9,"minecraft:wheat":38,"minecraft:redstone_block":4,"minecraft:yellow_wool":2,"rogues:iron_glaive":1,"minecraft:nether_brick":16,"minecraft:lapis_block":1,"minecraft:raw_copper":93,"minecraft:smooth_stone_slab":2,"minecraft:iron_leggings":1,"minecraft:armor_stand":5,"universal_graves:grave_compass":1,"minecraft:zombie_head":2,"minecraft:experience_bottle":6,"minecraft:smooth_stone":19,"minecraft:comparator":4,"minecraft:bucket":3,"minecraft:rose_bush":4,"minecraft:redstone_torch":21,"minecraft:cobblestone_slab":41,"minecraft:calcite":1,"minecraft:smooth_quartz":15,"dungeonnowloading:mossy_cobblestone_pebble":6,"minecraft:iron_pickaxe":1,"supplementaries:pancake":56,"minecraft:furnace":10,"minecraft:tipped_arrow":159,"iceandfire:pixie_dust":12,"minecraft:stick":166,"iceandfire:ghost_chest":3,"minecraft:oak_fence":1,"minecraft:torch":255,"minecraft:spruce_stairs":6,"minecraft:porkchop":4,"minecraft:target":4,"minecraft:diorite":4,"minecraft:rotten_flesh":240,"assortedtools:silver_spear":1,"clutter:cherries":132,"extraspellattributes:goldquartzring":1,"minecraft:leather_horse_armor":1,"minecraft:obsidian":3,"minecraft:cod":11,"minecraft:cobblestone":1584,"minecraft:enchanting_table":2,"minecraft:pink_petals":23,"minecraft:leather_chestplate":2,"archers:composite_longbow":1,"minecraft:lilac":1,"minecraft:andesite":24,"minecraft:potato":41,"minecraft:wither_skeleton_skull":2,"minecraft:lapis_lazuli":99,"minecraft:dirt":2882,"minecraft:glass":13,"minecraft:bone":404,"minecraft:bow":8,"minecraft:wheat_seeds":125,"minecraft:raw_gold":13,"minecraft:bell":2,"minecraft:birch_wood":1,"paladins:acolyte_wand":1,"minecraft:mossy_stone_bricks":15,"minecraft:bamboo":77,"minecraft:oak_planks":32,"minecraft:music_disc_13":1,"doggytalents:training_treat":3,"minecraft:poisonous_potato":1,"minecraft:sand":695,"minecraft:grass_block":2,"minecraft:spectral_arrow":39,"minecraft:orange_wool":4,"minecraft:mossy_cobblestone":7,"minecraft:dark_prismarine":10,"clutter:copper_coin":83,"minecraft:diamond":13,"minecraft:crossbow":1,"minecraft:bone_meal":3,"minecraft:golden_apple":4,"minecraft:emerald":50,"minecraft:oak_sapling":9,"iceandfire:tide_trident":1,"minecraft:netherrack":936,"majruszsdifficulty:tattered_boots":9,"minecraft:cocoa_beans":6,"minecraft:charcoal":8,"minecraft:azure_bluet":2,"minecraft:splash_potion":2,"minecraft:chicken":1,"minecraft:ladder":2,"minecraft:stone_brick_wall":1,"extraspellattributes:goldquartzamulet":1,"minecraft:brick":16,"minecraft:shield":1,"minecraft:item_frame":41,"minecraft:cyan_carpet":12,"minecraft:blackstone":87,"minecraft:blue_orchid":5,"minecraft:player_head":2,"minecraft:observer":1,"minecraft:lectern":40,"minecraft:sugar_cane":117,"minecraft:phantom_membrane":3,"minecraft:dark_oak_sapling":119,"minecraft:raw_iron":150,"iceandfire:dragonbone":20,"minecraft:stripped_mangrove_wood":4,"minecraft:copper_ingot":60,"minecraft:note_block":2,"minecraft:stone_button":39,"archers:archers_workbench":2,"minecraft:stone_pressure_plate":4,"minecraft:dark_oak_planks":330,"minecraft:arrow":368,"minecraft:pumpkin_pie":4,"minecraft:saddle":1,"majruszsdifficulty:cerberus_fang":9,"minecraft:skeleton_skull":5,"rogues:stone_double_axe":2,"minecraft:jungle_boat":4,"minecraft:dark_oak_button":6,"minecraft:golden_carrot":5,"minecraft:salmon":9,"minecraft:cut_sandstone":1,"minecraft:leather":29,"minecraft:birch_planks":28,"minecraft:chainmail_chestplate":2,"minecraft:gunpowder":28,"minecraft:cobblestone_wall":1,"minecraft:cobblestone_stairs":4,"minecraft:red_carpet":7,"iceandfire:dragon_stick":1,"minecraft:iron_ingot":80,"minecraft:soul_sand":22,"minecraft:book":352,"minecraft:scaffolding":6,"iceandfire:dragon_horn":1,"minecraft:quartz":179,"minecraft:dandelion":23,"minecraft:amethyst_shard":4,"minecraft:blast_furnace":9,"minecraft:nether_brick_slab":3,"artifacts:scarf_of_invisibility":1,"minecraft:spider_eye":20,"minecraft:brick_slab":2,"minecraft:chainmail_leggings":4,"minecraft:iron_helmet":1,"minecraft:cherry_sapling":53,"rogues:arms_workbench":1,"minecraft:terracotta":59,"minecraft:damaged_anvil":1,"minecraft:dark_oak_wood":10,"majruszsdifficulty:tattered_chestplate":6,"minecraft:coal":247},"minecraft:killed":{"creeperoverhaul:hills_creeper":1,"minecraft:cave_spider":23,"minecraft:skeleton":116,"majruszsdifficulty:creeperling":5,"minecraft:tropical_fish":7,"minecraft:salmon":6,"majruszsdifficulty:tank":10,"minecraft:zombie":115,"whisperwoods:moth":1,"minecraft:cow":5,"iceandfire:siren":1,"minecraft:husk":61,"minecraft:wandering_trader":1,"majruszsdifficulty:cursed_armor":8,"whisperwoods:zotzpyre":3,"iceandfire:ghost":4,"graveyard:skeleton_creeper":2,"minecraft:spider":17,"naturalist:snail":1,"whisperwoods:wisp":1,"minecraft:wolf":2,"minecraft:zombie_villager":1,"minecraft:creeper":4,"minecraft:sheep":1,"minecraft:trader_llama":1,"minecraft:stray":31,"iceandfire:pixie":5,"clutter:jellyfish":1,"minecraft:phantom":3,"naturalist:bass":3,"minecraft:drowned":7,"majruszsdifficulty:cerberus":3,"iceandfire:myrmex_soldier":1,"minecraft:wither_skeleton":34,"minecraft:player":9,"minecraft:villager":1},"minecraft:crafted":{"minecraft:diamond_shovel":4,"minecraft:bookshelf":8,"naturalist:cooked_bass":3,"minecraft:glass":499,"minecraft:emerald":84,"wizards:wizard_robe_feet":1,"minecraft:jungle_boat":2,"travelersbackpack:standard":6,"minecraft:smithing_table":1,"minecraft:copper_ingot":104,"minecraft:sticky_piston":1,"naturescompass:naturescompass":1,"minecraft:compass":1,"minecraft:iron_pickaxe":4,"minecraft:iron_block":5,"minecraft:gold_ingot":251,"iceandfire:dragon_horn":1,"minecraft:golden_carrot":90,"majruszsdifficulty:tattered_leggings":4,"minecraft:smooth_stone_slab":36,"minecraft:iron_nugget":18,"clutter:silver_coin":17,"iceandfire:dragon_flute":1,"minecraft:bone_meal":432,"travelersbackpack:blank_upgrade":12,"travelersbackpack:gold_tier_upgrade":1,"minecraft:dark_oak_fence":3,"dungeonnowloading:spawner_leggings":1,"minecraft:spruce_slab":18,"minecraft:stone_pickaxe":2,"minecraft:purple_carpet":6,"minecraft:dark_oak_planks":2124,"minecraft:golden_helmet":1,"minecraft:wheat":162,"minecraft:coal_block":15,"minecraft:dark_oak_button":1,"minecraft:glowstone":95,"minecraft:wooden_axe":1,"minecraft:armor_stand":18,"dungeonnowloading:spawner_blade":2,"minecraft:iron_shovel":1,"minecraft:iron_leggings":1,"minecraft:oak_planks":68,"minecraft:cobblestone_slab":54,"assortedtools:pokeball":29,"minecraft:dark_oak_boat":3,"minecraft:stone":238,"minecraft:cobblestone_stairs":4,"minecraft:dark_oak_door":3,"minecraft:hopper":5,"minecraft:bow":1,"minecraft:iron_boots":1,"minecraft:chest":44,"minecraft:copper_block":11,"minecraft:rail":64,"dungeonnowloading:spawner_boots":1,"minecraft:bricks":2,"minecraft:birch_button":8,"minecraft:stone_bricks":60,"minecraft:cherry_fence":9,"majruszsdifficulty:tattered_helmet":1,"travelersbackpack:iron_tier_upgrade":1,"dungeonnowloading:spawner_frame":57,"minecraft:crafting_table":19,"clutter:golden_coin":5,"minecraft:spruce_planks":748,"minecraft:baked_potato":35,"minecraft:wooden_pickaxe":3,"minecraft:iron_helmet":1,"minecraft:gold_block":17,"minecraft:hopper_minecart":2,"travelersbackpack:blue_sleeping_bag":2,"minecraft:birch_planks":88,"majruszsdifficulty:undead_battle_standard":1,"minecraft:dark_oak_slab":18,"minecraft:iron_chestplate":3,"minecraft:paper":57,"minecraft:emerald_block":11,"minecraft:shield":1,"minecraft:stick":265,"minecraft:iron_ingot":351,"minecraft:stone_sword":1,"minecraft:redstone_torch":1,"minecraft:shears":7,"minecraft:cherry_planks":16,"minecraft:nether_wart":2,"minecraft:redstone":9,"minecraft:coal":486,"iceandfire:dragon_stick":1,"minecraft:stone_button":37,"minecraft:furnace":5,"minecraft:piston":1,"minecraft:dark_oak_trapdoor":8,"minecraft:dark_oak_sign":12,"majruszsdifficulty:tattered_boots":3,"minecraft:diamond_block":2,"minecraft:glass_pane":64,"minecraft:iron_axe":3,"minecraft:iron_hoe":2,"minecraft:netherite_scrap":18,"dungeonnowloading:spawner_sword":1,"minecraft:minecart":20,"minecraft:observer":2,"minecraft:cooked_cod":8,"minecraft:dark_oak_stairs":620,"majruszsdifficulty:tattered_chestplate":1,"travelersbackpack:backpack_tank":10,"minecraft:powered_rail":36,"minecraft:bucket":1,"minecraft:stone_axe":1,"minecraft:air":0,"minecraft:bread":71,"minecraft:jungle_planks":40,"minecraft:blue_dye":4,"minecraft:oak_boat":1,"minecraft:white_wool":2,"minecraft:gold_nugget":801,"minecraft:raw_gold":36,"minecraft:blue_wool":4,"minecraft:acacia_planks":8,"minecraft:torch":532,"minecraft:orange_bed":1,"minecraft:lapis_lazuli":36},"minecraft:custom":{"minecraft:interact_with_crafting_table":247,"minecraft:open_barrel":249,"goblintraders:trade_with_goblin":42,"minecraft:bell_ring":2,"minecraft:eat_cake_slice":10,"minecraft:leave_game":48,"minecraft:time_since_death":338466,"minecraft:damage_blocked_by_shield":1493,"minecraft:play_time":2090277,"minecraft:deaths":39,"minecraft:jump":19998,"minecraft:enchant_item":14,"minecraft:interact_with_furnace":161,"minecraft:traded_with_villager":9,"minecraft:sleep_in_bed":71,"minecraft:damage_dealt":68127,"minecraft:interact_with_smoker":14,"minecraft:interact_with_smithing_table":14,"minecraft:inspect_dispenser":1,"minecraft:horse_one_cm":5035,"minecraft:interact_with_anvil":14,"minecraft:inspect_hopper":3,"minecraft:sneak_time":188394,"minecraft:interact_with_blast_furnace":18,"minecraft:total_world_time":2090277,"minecraft:tune_noteblock":1,"minecraft:time_since_rest":28721,"minecraft:swim_one_cm":413581,"minecraft:fly_one_cm":3510687,"minecraft:open_chest":1617,"minecraft:fall_one_cm":278935,"minecraft:animals_bred":4,"minecraft:sprint_one_cm":2790224,"minecraft:drop":311,"minecraft:play_noteblock":4,"minecraft:talked_to_villager":76,"minecraft:walk_on_water_one_cm":197254,"minecraft:player_kills":9,"minecraft:crouch_one_cm":727092,"minecraft:mob_kills":509,"minecraft:damage_dealt_resisted":3965,"minecraft:climb_one_cm":39819,"minecraft:walk_one_cm":5103082,"minecraft:walk_under_water_one_cm":179489,"minecraft:boat_one_cm":1072431,"minecraft:hex":0,"minecraft:damage_absorbed":7069,"minecraft:damage_taken":28196,"minecraft:trigger_trapped_chest":13,"minecraft:minecart_one_cm":2},"minecraft:killed_by":{"dungeonnowloading:spawner_carrier":1,"iceandfire:siren":1,"minecraft:zombie":1,"minecraft:stray":3,"creeperoverhaul:hills_creeper":1,"iceandfire:ghost":1,"minecraft:wither_skeleton":2,"iceandfire:sea_serpent":4,"majruszsdifficulty:cerberus":4,"minecraft:player":4,"whisperwoods:zotzpyre":1,"dungeonnowloading:hollow":1,"minecraft:skeleton":12},"minecraft:mined":{"minecraft:dark_oak_planks":317,"iceandfire:copper_pile":36,"minecraft:cherry_log":176,"minecraft:jungle_leaves":4,"minecraft:granite":24,"minecraft:stone_brick_wall":1,"clutter:deepslate_silver_ore":6,"minecraft:jungle_log":10,"minecraft:coal_block":58,"minecraft:spawner":35,"minecraft:magma_block":41,"minecraft:dark_oak_trapdoor":4,"minecraft:fire":276,"minecraft:barrel":13,"minecraft:cobbled_deepslate":9,"minecraft:deepslate_lapis_ore":5,"minecraft:enchanting_table":2,"iceandfire:gold_pile":33,"minecraft:dirt_path":27,"minecraft:stripped_mangrove_wood":4,"minecraft:blue_orchid":1,"minecraft:iron_block":3,"minecraft:player_head":1,"minecraft:tripwire":3,"minecraft:cut_sandstone":1,"minecraft:red_bed":4,"minecraft:kelp_plant":3,"minecraft:smoker":4,"minecraft:powder_snow":3,"minecraft:torch":113,"minecraft:note_block":2,"minecraft:dark_oak_wood":5,"minecraft:blast_furnace":7,"minecraft:nether_brick_slab":1,"minecraft:glass":24,"minecraft:damaged_anvil":1,"minecraft:sugar_cane":20,"minecraft:bricks":4,"minecraft:skeleton_skull":2,"minecraft:cyan_wool":5,"minecraft:cherry_fence":6,"minecraft:wheat":3,"minecraft:lilac":1,"minecraft:jukebox":1,"minecraft:wither_rose":1,"minecraft:grass":393,"dungeonnowloading:explosive_barrel":1,"minecraft:dark_oak_sapling":5,"minecraft:smooth_quartz":6,"minecraft:deepslate":58,"minecraft:yellow_terracotta":3,"minecraft:dark_prismarine":10,"iceandfire:silver_ore":1,"minecraft:mossy_cobblestone":5,"minecraft:cherry_sapling":2,"minecraft:dark_oak_log":1013,"minecraft:spruce_fence":4,"minecraft:redstone_wire":9,"minecraft:kelp":1,"minecraft:potted_bamboo":4,"minecraft:cartography_table":1,"minecraft:redstone_ore":6,"minecraft:snow":3,"minecraft:acacia_wood":6,"minecraft:andesite":26,"minecraft:potatoes":8,"minecraft:cobblestone_slab":1,"minecraft:vine":2,"minecraft:rail":6,"minecraft:bamboo_sapling":1,"minecraft:bamboo":5,"minecraft:white_wool":11,"minecraft:smithing_table":2,"minecraft:redstone_block":2,"minecraft:glass_pane":2,"minecraft:comparator":2,"minecraft:soul_sand":7,"dungeonnowloading:mossy_cobblestone_pebbles":1,"minecraft:observer":1,"minecraft:dandelion":10,"minecraft:cobbled_deepslate_wall":1,"minecraft:emerald_ore":9,"minecraft:campfire":4,"minecraft:lightning_rod":2,"minecraft:copper_ore":18,"minecraft:tall_grass":58,"minecraft:diorite":4,"minecraft:purple_wool":19,"minecraft:cobblestone_wall":1,"minecraft:spruce_log":255,"minecraft:birch_leaves":22,"minecraft:dark_oak_sign":3,"minecraft:dark_oak_button":3,"minecraft:zombie_head":1,"minecraft:gravel":545,"minecraft:cobweb":30,"minecraft:stone_bricks":34,"minecraft:gold_ore":13,"minecraft:fern":4,"minecraft:spruce_planks":75,"minecraft:stone_pressure_plate":1,"minecraft:farmland":51,"minecraft:cobblestone_stairs":3,"minecraft:sculk_vein":2,"minecraft:orange_wool":4,"minecraft:brewing_stand":1,"travelersbackpack:blue_sleeping_bag":9,"minecraft:grass_block":1980,"minecraft:soul_soil":1,"minecraft:composter":5,"minecraft:frosted_ice":1,"minecraft:smooth_stone":24,"minecraft:glowstone":122,"supplementaries:ash":58,"minecraft:iron_ore":107,"minecraft:target":4,"minecraft:anvil":2,"minecraft:dark_oak_stairs":201,"supplementaries:stick":1,"minecraft:iron_bars":8,"minecraft:spruce_slab":9,"minecraft:green_bed":5,"archers:archers_workbench":2,"minecraft:blackstone":26,"dungeonnowloading:dungeon_wall_torch":1,"minecraft:calcite":1,"minecraft:poppy":2,"iceandfire:ghost_chest":3,"minecraft:chest":11,"minecraft:nether_quartz_ore":148,"minecraft:cobblestone":294,"minecraft:oak_planks":2,"minecraft:iron_door":2,"minecraft:wall_torch":67,"minecraft:pink_petals":10,"minecraft:seagrass":1,"minecraft:dark_oak_slab":7,"paladins:monk_workbench":1,"minecraft:yellow_wool":2,"minecraft:birch_log":22,"minecraft:tnt":1,"minecraft:smooth_stone_slab":2,"minecraft:oak_log":17,"minecraft:beetroots":1,"minecraft:sand":490,"minecraft:dirt":739,"minecraft:wither_skeleton_skull":1,"minecraft:ancient_debris":17,"minecraft:netherrack":945,"minecraft:polished_deepslate_wall":1,"minecraft:oak_leaves":36,"minecraft:nether_gold_ore":18,"minecraft:red_carpet":8,"travelersbackpack:lapis":43,"minecraft:stripped_mangrove_log":1,"minecraft:dark_oak_leaves":73,"minecraft:deepslate_diamond_ore":1,"minecraft:ladder":1,"minecraft:decorated_pot":4,"dungeonnowloading:book_pile":1,"minecraft:white_stained_glass":1,"minecraft:spruce_leaves":95,"minecraft:large_fern":6,"minecraft:hay_block":71,"minecraft:spruce_sapling":4,"minecraft:furnace":9,"minecraft:carrots":152,"minecraft:stripped_spruce_log":1,"minecraft:peony":1,"minecraft:bell":2,"minecraft:polished_deepslate":1,"minecraft:bookshelf":64,"minecraft:deepslate_iron_ore":30,"minecraft:lantern":5,"minecraft:stone":1291,"minecraft:redstone_wall_torch":2,"minecraft:podzol":100,"minecraft:scaffolding":5,"minecraft:snow_block":26,"travelersbackpack:standard":9,"minecraft:oak_fence":1,"minecraft:crafting_table":3,"minecraft:lectern":40,"minecraft:deepslate_coal_ore":14,"rogues:arms_workbench":1,"minecraft:lapis_ore":4,"minecraft:blue_bed":1,"supplementaries:urn":5,"minecraft:spruce_stairs":2,"minecraft:birch_planks":3,"minecraft:brick_slab":1,"minecraft:beehive":3,"minecraft:redstone_torch":18,"minecraft:sweet_berry_bush":6,"minecraft:coal_ore":63,"minecraft:cocoa":1,"minecraft:cherry_leaves":421,"minecraft:flower_pot":3,"minecraft:cyan_carpet":1,"minecraft:terracotta":58,"minecraft:polished_andesite":3,"minecraft:mossy_stone_bricks":16}},"DataVersion":3465}