{"stats":{"minecraft:killed_by":{"minecraft:player":1,"minecraft:skeleton":3,"majruszsdifficulty:cursed_armor":1,"iceandfire:fire_dragon":1},"minecraft:used":{"minecraft:rose_bush":1,"minecraft:birch_planks":23,"minecraft:oak_planks":81,"minecraft:ladder":2,"minecraft:wooden_pickaxe":16,"minecraft:spruce_planks":7,"minecraft:shield":2,"minecraft:iron_sword":27,"minecraft:chainmail_helmet":1,"minecraft:cooked_chicken":2,"minecraft:iron_chestplate":2,"minecraft:dirt":3,"minecraft:crafting_table":5,"minecraft:red_bed":2,"minecraft:tuff":12,"minecraft:dark_oak_planks":1,"minecraft:bricks":9,"minecraft:melon_slice":25,"minecraft:bread":13,"minecraft:iron_axe":93,"minecraft:iron_pickaxe":173,"minecraft:iron_helmet":1,"minecraft:iron_boots":1,"minecraft:furnace":1,"minecraft:oak_boat":2,"minecraft:egg":1,"minecraft:acacia_planks":16,"minecraft:iron_leggings":1},"minecraft:mined":{"minecraft:dark_oak_planks":2,"minecraft:spruce_planks":9,"iceandfire:silver_ore":5,"minecraft:red_wool":3,"minecraft:red_bed":1,"minecraft:sea_lantern":1,"minecraft:dark_oak_fence":1,"minecraft:granite":2,"minecraft:purple_terracotta":4,"minecraft:stripped_crimson_hyphae":2,"minecraft:grass_block":4,"minecraft:melon":9,"minecraft:rose_bush":1,"minecraft:purple_stained_glass_pane":1,"minecraft:nether_quartz_ore":30,"minecraft:cobblestone":3,"minecraft:oak_planks":3,"minecraft:bricks":8,"minecraft:skeleton_skull":1,"minecraft:furnace":1,"minecraft:birch_log":6,"minecraft:iron_ore":17,"minecraft:acacia_wood":4,"minecraft:birch_leaves":10,"minecraft:wither_rose":1,"minecraft:grass":2,"minecraft:coal_ore":85,"minecraft:oak_log":70,"minecraft:dirt":1,"minecraft:stone":28,"minecraft:netherrack":6,"minecraft:spruce_slab":1,"minecraft:oak_leaves":7},"minecraft:custom":{"minecraft:interact_with_furnace":2,"minecraft:mob_kills":11,"minecraft:interact_with_crafting_table":10,"minecraft:open_barrel":3,"minecraft:leave_game":5,"minecraft:time_since_death":2261,"minecraft:sleep_in_bed":2,"minecraft:climb_one_cm":20399,"minecraft:hex":0,"minecraft:time_since_rest":2291,"minecraft:sprint_one_cm":191038,"minecraft:damage_taken":3048,"minecraft:walk_one_cm":362753,"minecraft:damage_blocked_by_shield":195,"minecraft:trigger_trapped_chest":2,"minecraft:drop":11,"minecraft:damage_dealt":1462,"minecraft:swim_one_cm":50831,"minecraft:fly_one_cm":211766,"minecraft:open_chest":37,"minecraft:crouch_one_cm":10583,"minecraft:play_time":92724,"minecraft:deaths":8,"minecraft:sneak_time":2817,"minecraft:walk_under_water_one_cm":14119,"minecraft:boat_one_cm":94894,"minecraft:jump":2039,"minecraft:walk_on_water_one_cm":14085,"minecraft:total_world_time":92724,"minecraft:fall_one_cm":43864},"minecraft:dropped":{"minecraft:bricks":2,"clutter:copper_coin":7,"minecraft:prismarine_crystals":2,"universal_graves:grave_compass":1,"minecraft:oak_planks":18,"minecraft:dirt":2,"minecraft:wooden_axe":1,"minecraft:iron_axe":2,"minecraft:wooden_pickaxe":1},"minecraft:picked_up":{"minecraft:birch_log":6,"minecraft:feather":2,"minecraft:chicken":2,"minecraft:ladder":2,"minecraft:acacia_wood":4,"minecraft:birch_planks":2,"minecraft:wither_rose":1,"minecraft:oak_log":70,"minecraft:red_bed":1,"minecraft:dirt":5,"minecraft:iron_axe":1,"universal_graves:grave_compass":1,"dungeonnowloading:spawner_fragment":4,"minecraft:spruce_planks":7,"minecraft:rose_bush":1,"minecraft:melon_slice":48,"naturalist:snail_shell":1,"minecraft:oak_planks":3,"minecraft:egg":1,"minecraft:furnace":1,"minecraft:stick":1,"minecraft:raw_iron":17,"minecraft:red_wool":3,"minecraft:quartz":30,"minecraft:porkchop":2,"minecraft:prismarine_crystals":2,"minecraft:purple_terracotta":4,"minecraft:dark_oak_planks":2,"clutter:copper_coin":7,"minecraft:granite":1,"minecraft:netherrack":6,"minecraft:coal":78,"minecraft:dark_oak_fence":1,"minecraft:bricks":9,"minecraft:skeleton_skull":1,"iceandfire:raw_silver":5,"minecraft:cobblestone":30},"minecraft:killed":{"majruszsdifficulty:cursed_armor":1,"naturalist:robin":1,"naturalist:boar":1,"minecraft:phantom":1,"naturalist:snail":1,"minecraft:zombie":3,"minecraft:chicken":2,"iceandfire:pixie":1},"minecraft:crafted":{"minecraft:oak_planks":280,"minecraft:crafting_table":5,"minecraft:wooden_pickaxe":1,"minecraft:cooked_chicken":2,"minecraft:red_bed":1,"minecraft:furnace":1,"minecraft:birch_planks":24,"minecraft:stone_axe":1,"minecraft:air":0,"minecraft:oak_boat":2,"minecraft:iron_chestplate":1,"minecraft:shield":2,"minecraft:iron_axe":2,"minecraft:stick":16,"minecraft:iron_pickaxe":1,"minecraft:stone_pickaxe":1,"minecraft:wooden_axe":1,"minecraft:acacia_planks":16}},"DataVersion":3465}