{"stats":{"minecraft:dropped":{"minecraft:iron_sword":3,"minecraft:lapis_lazuli":140,"minecraft:cooked_beef":1,"minecraft:diamond":1,"minecraft:crafting_table":2,"spellbladenext:arcane_claymore":4,"minecraft:crossbow":1,"minecraft:cracked_stone_bricks":2,"graveyard:corruption":4,"minecraft:leather_helmet":1,"minecraft:emerald":2,"minecraft:gold_block":1,"paladins:golden_mace":1,"minecraft:dirt":82,"minecraft:dark_oak_fence":1,"archers:golden_spear":1,"iceandfire:armor_copper_metal_boots":1,"minecraft:gold_nugget":80,"minecraft:bone_meal":5,"minecraft:phantom_membrane":9,"minecraft:iron_pickaxe":6,"majruszsdifficulty:tattered_leggings":17,"minecraft:dark_oak_planks":17,"minecraft:fishing_rod":3,"dungeonnowloading:dungeon_wall_torch":6,"minecraft:white_wool":5,"minecraft:bone":198,"majruszsdifficulty:cloth":20,"minecraft:goat_horn":1,"minecraft:iron_nugget":6,"minecraft:golden_chestplate":3,"minecraft:cobbled_deepslate":33,"dungeonnowloading:wooden_wall_rack":1,"minecraft:wheat":11,"minecraft:birch_sapling":12,"minecraft:obsidian":3,"minecraft:rotten_flesh":225,"dungeonnowloading:mossy_cobblestone_pebble":31,"universal_graves:grave_compass":40,"minecraft:azure_bluet":1,"rogues:rogue_armor_head":1,"minecraft:tipped_arrow":75,"minecraft:leather_boots":2,"iceandfire:bestiary":1,"minecraft:glass":1,"minecraft:stone_brick_stairs":1,"minecraft:enchanted_book":12,"minecraft:lectern":1,"minecraft:egg":1,"minecraft:iron_ingot":1,"minecraft:wheat_seeds":8,"minecraft:cobbled_deepslate_stairs":1,"clutter:copper_coin":15,"minecraft:oak_fence":1,"minecraft:cobblestone":116,"minecraft:book":43,"majruszsdifficulty:soul_jar":2,"minecraft:chainmail_helmet":1,"minecraft:coal":5,"travelersbackpack:sandstone":1,"minecraft:gray_wool":4,"minecraft:golden_carrot":48,"minecraft:ink_sac":12,"minecraft:rose_bush":2,"minecraft:cooked_salmon":2,"minecraft:diamond_helmet":1,"minecraft:potion":1,"minecraft:stripped_birch_log":2,"minecraft:oak_stairs":1,"minecraft:smooth_stone":20,"minecraft:iron_shovel":2,"minecraft:paper":3,"minecraft:string":4,"minecraft:spruce_sapling":1,"iceandfire:dragon_skull_fire":3,"iceandfire:silver_nugget":6,"minecraft:furnace":1,"minecraft:player_head":1,"minecraft:stone_sword":5,"minecraft:dark_oak_sign":1,"minecraft:smooth_stone_slab":4,"graveyard:middle_bone_staff":1,"minecraft:stone_shovel":1,"minecraft:iron_boots":3,"iceandfire:dragon_skull_ice":2,"minecraft:stone_slab":1,"naturalist:cooked_bass":8,"iceandfire:armor_copper_metal_helmet":1,"minecraft:diamond_sword":8,"supplementaries:quiver":6,"runes:healing_stone":9,"minecraft:spruce_planks":2,"minecraft:diamond_pickaxe":1,"rogues:iron_dagger":1,"minecraft:wooden_shovel":1,"minecraft:spider_eye":12,"minecraft:bow":3,"minecraft:magma_block":3,"minecraft:brown_mushroom":11,"minecraft:moss_block":10,"minecraft:birch_planks":12,"minecraft:diamond_axe":1,"minecraft:baked_potato":171,"minecraft:ender_pearl":1,"archers:royal_longbow":1,"clutter:coin_pouch":2,"dungeonnowloading:cobblestone_pebble":13,"majruszsdifficulty:tattered_helmet":6,"minecraft:flint":14,"minecraft:mutton":2,"dungeonnowloading:soul_cloth":1,"minecraft:cooked_cod":1,"majruszsdifficulty:tattered_boots":9,"minecraft:snowball":284,"clutter:raw_venison":3,"minecraft:amethyst_shard":178,"iceandfire:ash":1,"minecraft:birch_log":5,"assortedtools:copper_leggings":1,"minecraft:gold_ingot":10,"spellbladenext:phoenix_spell_book":1,"minecraft:gravel":3,"majruszsdifficulty:tattered_chestplate":11,"simplyskills:malevolent_manuscript":1,"iceandfire:ghost_sword":2,"artifacts:villager_hat":1,"doggytalents:rice_wheat":15,"minecraft:carrot":2,"farmersdelight:cutting_board":3,"supplementaries:ash":4,"rogues:stone_double_axe":1,"minecraft:gunpowder":89,"assortedtools:amethyst_helmet":1,"minecraft:melon_seeds":3,"minecraft:chest":2,"minecraft:birch_door":5,"minecraft:chainmail_boots":1,"simplyswords:diamond_greathammer":1,"doggytalents:rice_grains":1,"minecraft:basalt":1,"minecraft:iron_bars":2,"minecraft:arrow":114,"minecraft:scaffolding":6,"minecraft:quartz":3,"minecraft:splash_potion":2,"minecraft:netherrack":7,"minecraft:water_bucket":1,"minecraft:bread":14,"assortedtools:amethyst_chestplate":1,"assortedtools:amethyst_leggings":1,"minecraft:mossy_cobblestone":4,"minecraft:diamond_leggings":1,"minecraft:poisonous_potato":1,"iceandfire:armor_copper_metal_chestplate":1,"minecraft:lead":1,"minecraft:copper_ingot":10,"minecraft:stick":8,"minecraft:diorite":1,"minecraft:torch":15,"naturalist:bass":1,"archers:mechanic_shortbow":1,"minecraft:iron_axe":1,"minecraft:dandelion":5,"iceandfire:dragonbone":64,"minecraft:redstone":19,"travelersbackpack:diamond":1,"minecraft:tuff":9,"assortedtools:pokeball":1,"minecraft:composter":2,"iceandfire:witherbone":5,"minecraft:wither_skeleton_skull":3,"minecraft:totem_of_undying":1,"minecraft:shield":1,"minecraft:diamond_chestplate":1,"minecraft:mossy_stone_bricks":9,"minecraft:oak_boat":1,"explorerscompass:explorerscompass":1,"minecraft:diamond_boots":1,"minecraft:slime_ball":1,"minecraft:stone_pickaxe":2,"minecraft:wooden_pickaxe":2,"minecraft:calcite":3},"minecraft:broken":{"assortedtools:amethyst_helmet":5,"minecraft:diamond_helmet":3,"assortedtools:amethyst_leggings":3,"minecraft:iron_boots":7,"majruszsdifficulty:tattered_boots":1,"majruszsdifficulty:tattered_leggings":1,"minecraft:iron_chestplate":6,"minecraft:iron_leggings":8,"minecraft:chainmail_boots":4,"iceandfire:armor_white_leggings":1,"rogues:berserker_armor_head":1,"iceandfire:armor_green_helmet":1,"wizards:fire_robe_head":1,"rogues:berserker_armor_legs":1,"minecraft:diamond_leggings":4,"minecraft:chainmail_helmet":5,"minecraft:shield":1,"iceandfire:armor_white_chestplate":1,"rogues:berserker_armor_feet":1,"minecraft:iron_pickaxe":7,"minecraft:iron_helmet":9,"rogues:berserker_armor_chest":1,"paladins:prior_robe_legs":1,"minecraft:golden_helmet":1,"minecraft:iron_shovel":2,"minecraft:stone_pickaxe":2,"minecraft:diamond_boots":3,"paladins:paladin_armor_feet":1,"archers:ranger_armor_head":1,"iceandfire:armor_gray_chestplate":1,"minecraft:stone_axe":1,"assortedtools:amethyst_boots":5,"iceandfire:armor_gray_leggings":1,"assortedtools:amethyst_chestplate":2,"minecraft:diamond_chestplate":4,"iceandfire:armor_green_boots":1,"minecraft:leather_boots":1,"iceandfire:armor_gray_helmet":1},"minecraft:picked_up":{"minecraft:birch_door":14,"minecraft:chainmail_boots":1,"archers:mechanic_shortbow":2,"artifacts:bunny_hoppers":2,"minecraft:lead":2,"minecraft:stone_slab":5,"minecraft:diamond_sword":15,"minecraft:oak_stairs":1,"minecraft:enchanted_book":13,"minecraft:brewing_stand":1,"minecraft:amethyst_block":20,"farmersdelight:cutting_board":4,"minecraft:string":110,"minecraft:cooked_salmon":123,"minecraft:pufferfish":11,"minecraft:gold_nugget":5528,"minecraft:cobbled_deepslate":530,"minecraft:spruce_planks":29,"assortedtools:pokeball":43,"paladins:iron_great_hammer":1,"minecraft:melon_slice":142,"iceandfire:ghost_sword":2,"minecraft:golden_helmet":2,"explorerscompass:explorerscompass":1,"minecraft:jukebox":1,"minecraft:composter":3,"wizards:fire_spell_book":1,"minecraft:golden_chestplate":3,"minecraft:stone_sword":4,"clutter:coin_pouch":2,"minecraft:tropical_fish":7,"artifacts:villager_hat":1,"farmersdelight:onion":7,"iceandfire:fire_dragon_heart":1,"minecraft:glowstone":51,"supplementaries:quiver":7,"supplementaries:ash":63,"majruszsdifficulty:undead_army_treasure_bag":2,"minecraft:blaze_rod":86,"minecraft:iron_bars":2,"minecraft:snowball":318,"minecraft:birch_log":407,"minecraft:magma_block":3,"minecraft:feather":11,"minecraft:cooked_beef":3,"minecraft:iron_door":1,"minecraft:water_bucket":2,"rogues:rogue_armor_head":1,"minecraft:smoker":4,"minecraft:flint":38,"paladins:diamond_kite_shield":1,"dungeonnowloading:dungeon_wall_torch":7,"minecraft:dark_oak_sign":1,"minecraft:glowstone_dust":32,"minecraft:moss_block":13,"clutter:sulphur":12,"iceandfire:dragon_skull_fire":9,"dungeonnowloading:scepter_of_sealed_chaos":1,"minecraft:ink_sac":69,"minecraft:granite_slab":4,"minecraft:red_terracotta":18,"iceandfire:chared_cobblestone":3,"minecraft:polished_andesite":4,"minecraft:snout_armor_trim_smithing_template":1,"minecraft:deepslate":17,"minecraft:lever":2,"minecraft:granite":2,"spellbladenext:frost_blade":1,"minecraft:spruce_button":1,"minecraft:chainmail_helmet":3,"minecraft:bread":72,"iceandfire:troll_leather_forest":4,"rogues:iron_dagger":1,"minecraft:dark_oak_fence":2,"iceandfire:raw_silver":13,"minecraft:diamond_pickaxe":3,"iceandfire:dragon_skull_lightning":2,"minecraft:crafting_table":22,"iceandfire:witherbone":65,"minecraft:nether_wart":141,"minecraft:clay_ball":8,"minecraft:leather_leggings":1,"travelersbackpack:sandstone":1,"iceandfire:armor_gray_helmet":1,"clutter:panda_plushie":2,"minecraft:red_bed":5,"minecraft:flint_and_steel":1,"minecraft:iron_shovel":3,"dungeonnowloading:spawner_fragment":279,"minecraft:cracked_stone_bricks":4,"iceandfire:bestiary":2,"travelersbackpack:lapis":3,"minecraft:cyan_wool":1,"minecraft:iron_nugget":14,"minecraft:chest":31,"minecraft:birch_sapling":50,"minecraft:piston":1,"minecraft:egg":1,"minecraft:stone":929,"minecraft:spruce_fence":3,"minecraft:carrot":1376,"minecraft:redstone":225,"iceandfire:dragon_skull_ice":7,"runes:healing_stone":9,"minecraft:diamond_chestplate":1,"minecraft:cooked_cod":52,"minecraft:decorated_pot":1,"minecraft:shears":1,"minecraft:hay_block":20,"majruszsdifficulty:soul_jar":4,"spell_engine:spell_binding":4,"minecraft:yellow_terracotta":2,"dungeonnowloading:skull_of_chaos":1,"paladins:golden_mace":1,"minecraft:gold_ingot":84,"minecraft:totem_of_undying":1,"minecraft:glow_berries":4,"minecraft:mutton":4,"minecraft:white_wool":17,"minecraft:stripped_oak_log":1,"minecraft:tripwire_hook":4,"iceandfire:pixie_dust_milky_tea":1,"majruszsdifficulty:tattered_helmet":8,"majruszsdifficulty:cloth":18,"doggytalents:rice_grains":3,"minecraft:oak_log":1,"minecraft:ancient_debris":7,"minecraft:sculk_vein":5,"minecraft:paper":9,"minecraft:stone_bricks":9,"minecraft:kelp":39,"majruszsdifficulty:tattered_leggings":21,"minecraft:stone_pickaxe":2,"endermanoverhaul:warped_pearl":4,"minecraft:glass_bottle":5,"minecraft:iron_sword":6,"minecraft:flowering_azalea":2,"travelersbackpack:blank_upgrade":1,"minecraft:dark_oak_stairs":3,"iceandfire:chared_stone":2,"spellbladenext:arcane_claymore":6,"minecraft:sweet_berries":5,"minecraft:gravel":137,"clutter:small_lily_pads":1,"minecraft:spruce_sapling":3,"graveyard:middle_bone_staff":7,"naturalist:cooked_bass":241,"minecraft:leather_helmet":1,"travelersbackpack:wolf":1,"travelersbackpack:standard":1,"minecraft:oak_wood":1,"minecraft:diamond_shovel":4,"minecraft:coal_ore":2,"spellbladenext:phoenix_spell_book":1,"minecraft:slime_ball":1,"minecraft:diamond_axe":11,"minecraft:birch_sign":1,"minecraft:gray_wool":10,"iceandfire:ice_dragon_flesh":1,"minecraft:baked_potato":665,"minecraft:melon_seeds":11,"minecraft:ender_pearl":8,"minecraft:wheat":248,"minecraft:potion":5,"minecraft:stone_brick_stairs":1,"minecraft:raw_copper":36,"travelersbackpack:diamond":1,"minecraft:smooth_stone_slab":6,"universal_graves:grave_compass":21,"minecraft:sea_pickle":1,"minecraft:smooth_stone":21,"minecraft:ender_eye":4,"minecraft:calcite":3,"minecraft:smooth_quartz":24,"minecraft:wooden_shovel":1,"dungeonnowloading:mossy_cobblestone_pebble":40,"minecraft:iron_pickaxe":9,"minecraft:iron_boots":3,"minecraft:furnace":4,"minecraft:tipped_arrow":86,"iceandfire:pixie_dust":2,"minecraft:stick":65,"minecraft:birch_trapdoor":4,"minecraft:oak_fence":1,"minecraft:torch":225,"iceandfire:dragonscales_white":17,"minecraft:spruce_stairs":1,"minecraft:diorite":2,"minecraft:goat_horn":3,"minecraft:quartz_block":33,"minecraft:rotten_flesh":589,"minecraft:music_disc_ward":1,"farmersdelight:tree_bark":12,"minecraft:deepslate_brick_stairs":2,"minecraft:obsidian":120,"minecraft:cod":149,"minecraft:cobblestone":1673,"minecraft:nautilus_shell":8,"minecraft:enchanting_table":7,"minecraft:pink_petals":4,"minecraft:leather_chestplate":2,"archers:royal_longbow":2,"minecraft:lilac":1,"minecraft:magma_cream":6,"minecraft:andesite":14,"iceandfire:armor_green_boots":1,"minecraft:potato":2111,"minecraft:tuff":81,"minecraft:wither_skeleton_skull":6,"minecraft:lapis_lazuli":545,"minecraft:dirt":536,"minecraft:stripped_birch_log":15,"minecraft:polished_granite":2,"minecraft:leather_boots":3,"minecraft:glass":1,"minecraft:bone":875,"minecraft:acacia_planks":1,"minecraft:bow":18,"minecraft:wheat_seeds":782,"minecraft:raw_gold":43,"minecraft:birch_wood":12,"minecraft:grindstone":1,"iceandfire:armor_white_leggings":1,"minecraft:mossy_stone_bricks":19,"minecraft:ghast_tear":2,"minecraft:poisonous_potato":7,"minecraft:sand":163,"minecraft:grass_block":4,"dungeonnowloading:wooden_wall_rack":1,"minecraft:mossy_cobblestone":13,"minecraft:dark_prismarine":38,"artifacts:plastic_drinking_hat":2,"clutter:copper_coin":15,"minecraft:sugar":3,"minecraft:diamond":178,"minecraft:crossbow":3,"minecraft:bone_meal":30,"minecraft:emerald":142,"minecraft:oak_sapling":1,"minecraft:netherrack":834,"iceandfire:silver_nugget":6,"minecraft:fishing_rod":11,"majruszsdifficulty:tattered_boots":12,"minecraft:allium":14,"minecraft:azure_bluet":1,"artifacts:night_vision_goggles":1,"minecraft:splash_potion":6,"minecraft:chicken":8,"minecraft:ladder":1,"minecraft:brown_mushroom":49,"minecraft:wooden_pickaxe":1,"dungeonnowloading:cobblestone_pebble":13,"minecraft:gold_block":21,"doggytalents:rice_wheat":15,"minecraft:diamond_horse_armor":1,"extraspellattributes:goldquartzamulet":1,"minecraft:shield":3,"minecraft:iron_axe":4,"minecraft:cyan_carpet":2,"minecraft:blackstone":7,"graveyard:corruption":9,"minecraft:oak_boat":2,"minecraft:player_head":3,"minecraft:lectern":68,"minecraft:sugar_cane":758,"minecraft:phantom_membrane":31,"iceandfire:ice_dragon_heart":2,"minecraft:raw_iron":511,"iceandfire:dragonscales_gray":25,"iceandfire:dragonbone":192,"iceandfire:dragonscales_green":12,"iceandfire:troll_tusk":2,"minecraft:copper_ingot":10,"iceandfire:chared_grass":3,"minecraft:bowl":3,"minecraft:stone_button":1,"minecraft:iron_horse_armor":2,"minecraft:dark_oak_planks":20,"minecraft:arrow":529,"minecraft:nether_bricks":11,"archers:golden_spear":2,"iceandfire:chared_dirt":1,"minecraft:saddle":5,"majruszsdifficulty:cerberus_fang":5,"rogues:stone_double_axe":1,"clutter:raw_venison":6,"minecraft:basalt":53,"dungeonnowloading:chaotic_hexahedron":1,"minecraft:golden_carrot":78,"artifacts:novelty_drinking_hat":1,"clutter:giant_lily_pad":1,"minecraft:salmon":83,"minecraft:leather":51,"minecraft:birch_planks":33,"iceandfire:ectoplasm":1,"minecraft:cobbled_deepslate_stairs":1,"minecraft:gunpowder":49,"minecraft:deepslate_tile_slab":2,"naturalist:bass":46,"assortedtools:copper_leggings":1,"minecraft:iron_ingot":166,"minecraft:cooked_chicken":4,"iceandfire:fire_dragon_flesh":3,"minecraft:soul_sand":46,"minecraft:book":292,"minecraft:scaffolding":6,"minecraft:warped_fungus":6,"minecraft:birch_boat":1,"minecraft:pumpkin":3,"iceandfire:ash":11,"minecraft:quartz":371,"minecraft:dandelion":6,"minecraft:amethyst_shard":307,"minecraft:blast_furnace":6,"majruszsdifficulty:bandage":7,"dungeonnowloading:great_experience_bottle":5,"minecraft:spider_eye":44,"clutter:mossbloom_antler":2,"minecraft:brick_slab":1,"simplyswords:diamond_greathammer":2,"paladins:paladin_armor_feet":1,"simplyskills:malevolent_manuscript":1,"minecraft:terracotta":10,"minecraft:damaged_anvil":1,"minecraft:black_wool":1,"minecraft:dark_oak_wood":27,"dungeonnowloading:soul_cloth":1,"majruszsdifficulty:tattered_chestplate":11,"minecraft:coal":924},"minecraft:used":{"iceandfire:lectern":1,"minecraft:moss_block":1,"iceandfire:dragon_skull_ice":3,"minecraft:chest":67,"minecraft:stone":1074,"travelersbackpack:diamond":61,"minecraft:soul_sand":10,"minecraft:blue_stained_glass":4,"naturalist:cooked_bass":74,"majruszsdifficulty:golden_bandage":2,"minecraft:snowball":32,"minecraft:lava_bucket":2,"minecraft:grass_block":106,"minecraft:birch_sapling":29,"iceandfire:chared_stone":1,"minecraft:bow":263,"minecraft:sweet_berries":5,"minecraft:furnace":4,"minecraft:cooked_cod":39,"minecraft:potato":474,"spellbladenext:arcane_claymore":178,"minecraft:mossy_stone_bricks":1,"minecraft:damaged_anvil":1,"simplyswords:runic_greathammer":2,"minecraft:wooden_pickaxe":31,"minecraft:composter":2,"minecraft:sand":29,"minecraft:blast_furnace":8,"minecraft:stone_button":4,"minecraft:lectern":72,"minecraft:red_terracotta":18,"minecraft:polished_granite":2,"dungeonnowloading:scepter_of_sealed_chaos":10,"minecraft:diamond_sword":1163,"minecraft:dark_oak_fence":1,"minecraft:smithing_table":1,"minecraft:birch_log":1,"travelersbackpack:sandstone":1,"minecraft:enchanting_table":3,"minecraft:stone_sword":96,"minecraft:cooked_salmon":71,"minecraft:netherrack":21,"minecraft:torch":598,"minecraft:brewing_stand":2,"minecraft:anvil":1,"majruszsdifficulty:angler_treasure_bag":9,"minecraft:iron_axe":62,"minecraft:iron_block":170,"minecraft:spruce_button":1,"minecraft:smooth_quartz":12,"minecraft:melon_seeds":8,"minecraft:basalt":51,"minecraft:glowstone":8,"minecraft:cobbled_deepslate":82,"minecraft:acacia_planks":1,"minecraft:wheat_seeds":427,"minecraft:water_bucket":249,"minecraft:birch_planks":239,"minecraft:cauldron":1,"iceandfire:dragon_skull_lightning":2,"dungeonnowloading:dungeon_wall_torch":1,"minecraft:cracked_stone_bricks":2,"minecraft:mossy_cobblestone":1,"minecraft:crafting_table":38,"minecraft:oak_slab":10,"minecraft:red_bed":5,"dungeonnowloading:skull_of_chaos":4,"minecraft:birch_sign":7,"minecraft:white_bed":1,"minecraft:oak_log":13,"minecraft:dark_prismarine":25,"minecraft:diamond_pickaxe":4068,"majruszsdifficulty:undead_army_treasure_bag":4,"minecraft:diamond_shovel":280,"minecraft:iron_pickaxe":2105,"rogues:rogue_armor_head":1,"minecraft:cobblestone":1001,"minecraft:potion":6,"travelersbackpack:standard":22,"archers:royal_longbow":23,"minecraft:cooked_porkchop":10,"minecraft:iron_shovel":461,"travelersbackpack:lapis":40,"minecraft:shield":105,"minecraft:iron_sword":179,"minecraft:nether_wart":31,"doggytalents:rice_grains":1,"rogues:stone_double_axe":3,"minecraft:carrot":318,"minecraft:tuff":12,"minecraft:obsidian":76,"minecraft:coal_ore":2,"minecraft:quartz_slab":3,"minecraft:stone_bricks":9,"archers:golden_spear":2,"minecraft:birch_trapdoor":17,"farmersdelight:cutting_board":3,"minecraft:gold_block":1,"travelersbackpack:spider":26,"minecraft:dark_oak_stairs":1,"minecraft:oak_planks":63,"minecraft:stone_pickaxe":263,"minecraft:sugar_cane":81,"minecraft:diamond_axe":1071,"spell_engine:spell_binding":7,"minecraft:yellow_terracotta":2,"minecraft:lever":7,"minecraft:melon_slice":6,"minecraft:bread":79,"minecraft:iron_door":2,"minecraft:gravel":23,"minecraft:granite_slab":4,"graveyard:middle_bone_staff":4,"paladins:diamond_kite_shield":27,"iceandfire:dragon_skull_fire":5,"minecraft:grindstone":1,"minecraft:bone_meal":544,"minecraft:experience_bottle":65,"minecraft:flint_and_steel":7,"minecraft:stone_shovel":108,"minecraft:redstone":8,"minecraft:spruce_planks":5,"minecraft:dirt":588,"minecraft:granite":2,"minecraft:birch_door":4,"minecraft:dark_oak_planks":75,"minecraft:iron_hoe":186,"minecraft:wooden_axe":12,"minecraft:bookshelf":29,"minecraft:oak_stairs":66,"simplyswords:diamond_greathammer":345,"minecraft:golden_carrot":209,"minecraft:cooked_beef":2,"minecraft:cooked_mutton":2,"minecraft:amethyst_block":20,"minecraft:glass_bottle":15,"minecraft:polished_andesite":2,"minecraft:baked_potato":265,"minecraft:birch_boat":1,"minecraft:terracotta":8,"travelersbackpack:wolf":1,"minecraft:smoker":5,"minecraft:piston":5,"minecraft:stone_slab":15,"dungeonnowloading:great_experience_bottle":5,"iceandfire:ash":2,"minecraft:stone_axe":120,"minecraft:pink_petals":19,"minecraft:fishing_rod":420,"minecraft:bucket":184,"minecraft:pumpkin_pie":1,"minecraft:splash_potion":13,"minecraft:smooth_stone":1},"minecraft:killed":{"minecraft:cave_spider":19,"minecraft:cod":34,"minecraft:skeleton":229,"minecraft:chicken":3,"majruszsdifficulty:creeperling":1,"creeperoverhaul:cave_creeper":1,"minecraft:skeleton_horse":6,"minecraft:magma_cube":7,"naturalist:snake":1,"minecraft:salmon":145,"majruszsdifficulty:tank":16,"minecraft:pillager":1,"minecraft:zombie":213,"minecraft:cow":2,"minecraft:evoker":1,"graveyard:nightmare":1,"majruszsdifficulty:illusioner":2,"illagerinvasion:marauder":1,"creeperoverhaul:snowy_creeper":4,"minecraft:husk":51,"graveyard:ghoul":3,"naturalist:bear":1,"endermanoverhaul:warped_forest_enderman":1,"majruszsdifficulty:cursed_armor":2,"whisperwoods:zotzpyre":5,"clutter:mossbloom":1,"iceandfire:ghost":3,"iceandfire:ice_dragon":1,"minecraft:enderman":6,"minecraft:zombified_piglin":56,"minecraft:witch":7,"graveyard:skeleton_creeper":4,"minecraft:spider":57,"whisperwoods:wisp":3,"minecraft:piglin":15,"minecraft:zombie_villager":4,"minecraft:creeper":3,"minecraft:sheep":7,"minecraft:trader_llama":1,"minecraft:ghast":2,"minecraft:stray":36,"iceandfire:pixie":1,"minecraft:blaze":38,"dungeonnowloading:spawner_carrier":1,"minecraft:phantom":23,"iceandfire:fire_dragon":2,"naturalist:bass":232,"minecraft:drowned":65,"majruszsdifficulty:cerberus":3,"whisperwoods:hidebehind":1,"iceandfire:troll":1,"minecraft:squid":16,"minecraft:wither_skeleton":71,"naturalist:sparrow":1},"minecraft:crafted":{"minecraft:smooth_stone":6,"travelersbackpack:crafting_upgrade":1,"minecraft:blaze_powder":6,"minecraft:chain":13,"minecraft:birch_slab":18,"minecraft:lever":5,"travelersbackpack:diamond":1,"minecraft:bookshelf":37,"minecraft:cracked_stone_bricks":4,"naturalist:cooked_bass":37,"minecraft:cooked_mutton":2,"minecraft:glass":202,"minecraft:quartz_block":75,"minecraft:diamond_helmet":2,"minecraft:diamond_leggings":1,"explorerscompass:explorerscompass":1,"minecraft:melon_seeds":9,"iceandfire:armor_copper_metal_chestplate":1,"rogues:berserker_armor_head":1,"minecraft:iron_door":3,"minecraft:birch_door":6,"assortedtools:amethyst_boots":5,"rogues:berserker_armor_legs":1,"minecraft:glass_bottle":3,"dungeonnowloading:scepter_of_sealed_chaos":1,"minecraft:emerald":178,"travelersbackpack:lapis":4,"rogues:stone_double_axe":1,"travelersbackpack:standard":3,"minecraft:smithing_table":1,"minecraft:clock":6,"minecraft:copper_ingot":35,"rogues:berserker_armor_chest":1,"iceandfire:armor_gray_chestplate":1,"minecraft:lectern":1,"minecraft:stone_slab":12,"minecraft:compass":1,"minecraft:iron_pickaxe":9,"iceandfire:armor_white_chestplate":1,"minecraft:iron_block":3,"minecraft:gold_ingot":934,"minecraft:composter":1,"minecraft:golden_carrot":474,"minecraft:stone_shovel":1,"minecraft:iron_nugget":36,"minecraft:bone_meal":533,"travelersbackpack:blank_upgrade":8,"travelersbackpack:gold_tier_upgrade":3,"iceandfire:armor_copper_metal_helmet":1,"minecraft:lantern":25,"minecraft:diamond":27,"minecraft:polished_diorite":8,"paladins:diamond_kite_shield":1,"minecraft:stone_pickaxe":2,"minecraft:diamond_boots":2,"minecraft:dark_oak_planks":96,"travelersbackpack:spider":1,"minecraft:wheat":126,"archers:royal_longbow":1,"dungeonnowloading:skull_of_chaos":1,"minecraft:enchanted_book":32,"iceandfire:armor_white_leggings":1,"minecraft:flint":64,"minecraft:gunpowder":40,"minecraft:fermented_spider_eye":3,"minecraft:wooden_axe":1,"minecraft:birch_trapdoor":10,"minecraft:iron_leggings":10,"dungeonnowloading:spawner_blade":2,"minecraft:iron_shovel":3,"minecraft:white_bed":1,"spell_engine:spell_binding":2,"rogues:berserker_armor_feet":1,"minecraft:oak_planks":8,"assortedtools:pokeball":2,"rogues:rogue_armor_head":3,"assortedtools:amethyst_chestplate":3,"iceandfire:armor_blue_helmet":1,"iceandfire:lectern":1,"minecraft:stone":61,"runes:arcane_stone":4,"iceandfire:armor_copper_metal_boots":1,"minecraft:bow":3,"minecraft:iron_boots":23,"iceandfire:armor_gray_helmet":1,"iceandfire:armor_green_helmet":1,"minecraft:chest":42,"iceandfire:armor_blue_boots":1,"minecraft:stone_bricks":4,"minecraft:smoker":4,"travelersbackpack:iron_tier_upgrade":3,"assortedtools:amethyst_helmet":6,"minecraft:cauldron":1,"dungeonnowloading:spawner_frame":27,"minecraft:crafting_table":7,"minecraft:baked_potato":1521,"minecraft:iron_helmet":10,"minecraft:wooden_pickaxe":1,"runes:fire_stone":6,"minecraft:chainmail_chestplate":12,"minecraft:gold_block":64,"minecraft:birch_planks":1026,"minecraft:brewing_stand":1,"simplyskills:malevolent_manuscript":1,"minecraft:diorite":8,"farmersdelight:cutting_board":2,"travelersbackpack:wolf":3,"minecraft:iron_chestplate":4,"minecraft:paper":481,"minecraft:diamond_pickaxe":2,"iceandfire:armor_blue_leggings":1,"minecraft:shield":4,"minecraft:stick":168,"minecraft:iron_ingot":420,"minecraft:stone_sword":1,"assortedtools:amethyst_leggings":4,"minecraft:shears":1,"minecraft:coal":22,"iceandfire:armor_gray_leggings":1,"simplyswords:diamond_greathammer":1,"iceandfire:armor_blue_chestplate":1,"minecraft:blast_furnace":2,"minecraft:stone_button":5,"minecraft:furnace":7,"assortedtools:copper_leggings":1,"minecraft:piston":3,"minecraft:flint_and_steel":2,"minecraft:iron_axe":1,"minecraft:iron_hoe":1,"minecraft:glowstone_dust":4,"minecraft:netherite_scrap":7,"minecraft:birch_sign":9,"travelersbackpack:diamond_tier_upgrade":2,"minecraft:glistering_melon_slice":2,"minecraft:sugar":3,"minecraft:cooked_cod":55,"minecraft:diamond_sword":1,"iceandfire:silver_ingot":4,"travelersbackpack:backpack_tank":4,"minecraft:iron_sword":1,"minecraft:cooked_salmon":43,"minecraft:bucket":1,"minecraft:stone_axe":1,"minecraft:air":0,"minecraft:bread":60,"iceandfire:bestiary":1,"minecraft:white_wool":2,"minecraft:gold_nugget":3808,"minecraft:anvil":1,"minecraft:torch":424,"iceandfire:armor_green_boots":1,"minecraft:diamond_chestplate":1},"minecraft:custom":{"minecraft:interact_with_crafting_table":326,"minecraft:open_barrel":95,"goblintraders:trade_with_goblin":85,"minecraft:leave_game":40,"minecraft:time_since_death":77834,"minecraft:damage_blocked_by_shield":11409,"minecraft:play_time":3500812,"minecraft:deaths":90,"minecraft:jump":25263,"minecraft:enchant_item":65,"minecraft:interact_with_furnace":111,"minecraft:traded_with_villager":269,"minecraft:interact_with_cartography_table":1,"minecraft:sleep_in_bed":36,"minecraft:damage_dealt":231092,"minecraft:interact_with_smoker":180,"minecraft:use_cauldron":16,"minecraft:interact_with_smithing_table":17,"minecraft:interact_with_anvil":76,"minecraft:damage_dealt_absorbed":480,"minecraft:sneak_time":66206,"minecraft:interact_with_blast_furnace":82,"minecraft:total_world_time":3500812,"minecraft:tune_noteblock":43,"minecraft:time_since_rest":77897,"minecraft:swim_one_cm":1189323,"minecraft:fly_one_cm":2207264,"minecraft:open_chest":1740,"minecraft:fish_caught":164,"minecraft:fall_one_cm":1464271,"minecraft:animals_bred":77,"minecraft:damage_resisted":8992,"minecraft:sprint_one_cm":3400522,"minecraft:drop":633,"minecraft:play_noteblock":1,"minecraft:talked_to_villager":371,"minecraft:interact_with_brewingstand":32,"minecraft:walk_on_water_one_cm":505116,"minecraft:interact_with_loom":2,"minecraft:interact_with_beacon":18,"minecraft:crouch_one_cm":156458,"minecraft:mob_kills":1439,"minecraft:fill_cauldron":7,"minecraft:damage_dealt_resisted":11109,"minecraft:climb_one_cm":43117,"minecraft:walk_one_cm":9590311,"minecraft:walk_under_water_one_cm":730539,"minecraft:boat_one_cm":110226,"minecraft:interact_with_grindstone":30,"minecraft:hex":0,"minecraft:damage_taken":88931,"minecraft:damage_absorbed":13965,"minecraft:trigger_trapped_chest":7},"minecraft:killed_by":{"minecraft:zombie_villager":1,"minecraft:zombie":4,"minecraft:husk":4,"minecraft:stray":1,"doggytalents:dog":1,"minecraft:zombified_piglin":4,"minecraft:wither_skeleton":5,"iceandfire:cyclops":1,"minecraft:creeper":5,"graveyard:skeleton_creeper":5,"minecraft:piglin":1,"majruszsdifficulty:cerberus":1,"iceandfire:fire_dragon":4,"minecraft:player":10,"dungeonnowloading:chaos_spawner":4,"minecraft:skeleton":21,"iceandfire:lightning_dragon":1,"creeperoverhaul:snowy_creeper":1},"minecraft:mined":{"dungeonnowloading:spikes":44,"dungeonnowloading:iron_ingot_pile":1,"minecraft:obsidian":113,"minecraft:granite":2,"minecraft:stone_brick_wall":1,"minecraft:nether_wart":42,"minecraft:spawner":26,"minecraft:tall_seagrass":1,"minecraft:magma_block":3,"minecraft:fire":113,"minecraft:cobbled_deepslate":10,"minecraft:pumpkin":4,"minecraft:deepslate_lapis_ore":37,"minecraft:granite_slab":2,"minecraft:enchanting_table":7,"iceandfire:gold_pile":519,"minecraft:small_amethyst_bud":1,"dungeonnowloading:wooden_wall_rack":1,"minecraft:dirt_path":3,"minecraft:oak_stairs":1,"minecraft:deepslate_brick_stairs":3,"minecraft:brown_mushroom":31,"dungeonnowloading:cobblestone_pebbles":2,"minecraft:red_bed":5,"minecraft:kelp_plant":2,"minecraft:smoker":3,"minecraft:amethyst_cluster":17,"minecraft:deepslate_tile_slab":2,"minecraft:powder_snow":112,"minecraft:torch":13,"minecraft:dark_oak_wood":22,"minecraft:blast_furnace":6,"minecraft:melon":22,"minecraft:damaged_anvil":1,"minecraft:sugar_cane":405,"minecraft:bricks":2,"minecraft:amethyst_block":20,"minecraft:cyan_wool":1,"minecraft:wheat":272,"minecraft:lilac":1,"minecraft:jukebox":1,"minecraft:birch_door":3,"minecraft:stone_brick_stairs":1,"minecraft:grass":15,"minecraft:smooth_quartz":21,"minecraft:piston":1,"minecraft:deepslate":500,"minecraft:yellow_terracotta":2,"graveyard:torso_pile":4,"minecraft:dark_prismarine":39,"iceandfire:silver_ore":13,"minecraft:mossy_cobblestone":10,"farmersdelight:wild_carrots":18,"minecraft:stripped_birch_log":1,"minecraft:dark_oak_fence":3,"minecraft:spruce_fence":4,"minecraft:moss_block":2,"minecraft:kelp":21,"farmersdelight:wild_onions":7,"minecraft:redstone_ore":2,"minecraft:snow":24,"minecraft:andesite":13,"minecraft:potatoes":440,"travelersbackpack:yellow_sleeping_bag":1,"minecraft:vine":11,"minecraft:soul_sand":46,"dungeonnowloading:mossy_cobblestone_pebbles":1,"graveyard:laterally_lying_skeleton":3,"minecraft:spruce_button":1,"minecraft:emerald_ore":45,"clutter:basalt_sulphur_ore":2,"minecraft:copper_ore":10,"minecraft:tall_grass":2,"minecraft:deepslate_gold_ore":13,"minecraft:cracked_deepslate_bricks":2,"minecraft:diorite":2,"minecraft:red_terracotta":20,"minecraft:dark_oak_wall_sign":1,"minecraft:birch_leaves":19,"iceandfire:silver_pile":1,"minecraft:gravel":164,"minecraft:cobweb":12,"minecraft:acacia_planks":1,"minecraft:spruce_fence_gate":1,"minecraft:stone_bricks":6,"minecraft:gold_ore":10,"graveyard:bone_remains":1,"minecraft:large_amethyst_bud":11,"minecraft:spruce_planks":22,"minecraft:farmland":1,"minecraft:cobbled_deepslate_stairs":1,"minecraft:sculk_vein":28,"minecraft:brewing_stand":1,"minecraft:budding_amethyst":2,"minecraft:grass_block":96,"graveyard:skull_on_pike":4,"minecraft:composter":1,"minecraft:gilded_blackstone":2,"minecraft:smooth_stone":9,"minecraft:sculk_catalyst":5,"minecraft:glowstone":59,"supplementaries:ash":6,"minecraft:iron_ore":309,"minecraft:anvil":1,"minecraft:iron_bars":2,"iceandfire:chared_cobblestone":3,"minecraft:deepslate_redstone_ore":27,"minecraft:blackstone":7,"graveyard:middle_bone_staff":5,"minecraft:melon_stem":8,"minecraft:medium_amethyst_bud":5,"minecraft:clay":1,"iceandfire:dragon_ice_spikes":4,"dungeonnowloading:dungeon_wall_torch":1,"minecraft:calcite":1,"minecraft:chest":28,"minecraft:cobblestone":234,"minecraft:nether_quartz_ore":155,"minecraft:birch_wood":12,"graveyard:lying_skeleton":2,"minecraft:grindstone":1,"minecraft:wall_torch":44,"minecraft:seagrass":1,"dungeonnowloading:gold_ingot_pile":3,"minecraft:dark_oak_slab":1,"minecraft:birch_log":355,"farmersdelight:cutting_board":2,"minecraft:birch_trapdoor":4,"graveyard:skull_pile":1,"minecraft:smooth_stone_slab":3,"minecraft:sand":166,"minecraft:dirt":308,"minecraft:tripwire_hook":2,"minecraft:ancient_debris":7,"minecraft:netherrack":418,"minecraft:oak_leaves":5,"iceandfire:chared_stone":3,"minecraft:nether_gold_ore":38,"minecraft:diamond_ore":3,"minecraft:tuff":76,"travelersbackpack:lapis":1,"minecraft:deepslate_diamond_ore":68,"minecraft:lever":1,"minecraft:stone_button":1,"minecraft:mangrove_trapdoor":1,"iceandfire:chared_dirt":1,"minecraft:spruce_leaves":17,"iceandfire:chared_grass":3,"minecraft:hay_block":25,"minecraft:furnace":3,"minecraft:carrots":252,"minecraft:gold_block":1,"minecraft:bookshelf":69,"minecraft:deepslate_iron_ore":13,"minecraft:stripped_oak_log":1,"minecraft:stone":2127,"minecraft:podzol":1,"doggytalents:rice_crop":10,"minecraft:flowering_azalea":2,"minecraft:snow_block":100,"minecraft:basalt":56,"minecraft:polished_granite":3,"minecraft:oak_fence":1,"minecraft:crafting_table":19,"minecraft:sculk_sensor":1,"minecraft:lectern":67,"minecraft:stone_slab":5,"minecraft:sculk":4,"minecraft:birch_planks":25,"graveyard:skull_with_rib_cage":3,"minecraft:sea_pickle":1,"spell_engine:spell_binding":4,"minecraft:sweet_berry_bush":1,"iceandfire:ash":1,"minecraft:coal_ore":439,"minecraft:cyan_carpet":1,"graveyard:leaning_skeleton":2,"minecraft:terracotta":15,"minecraft:polished_andesite":4,"minecraft:mossy_stone_bricks":7,"minecraft:dark_oak_planks":14}},"DataVersion":3465}