{"stats":{"minecraft:broken":{"iceandfire:tide_red_leggings":1,"minecraft:wooden_shovel":1,"dungeonnowloading:spawner_leggings":1,"minecraft:diamond_helmet":2,"assortedtools:amethyst_leggings":1,"minecraft:iron_boots":2,"majruszsdifficulty:tattered_boots":1,"majruszsdifficulty:tattered_leggings":1,"minecraft:iron_chestplate":1,"minecraft:iron_leggings":1,"minecraft:chainmail_boots":1,"iceandfire:armor_sapphire_leggings":1,"iceandfire:armor_green_helmet":1,"paladins:prior_robe_feet":1,"minecraft:chainmail_leggings":1,"minecraft:chainmail_helmet":1,"minecraft:shield":2,"iceandfire:armor_green_chestplate":1,"minecraft:iron_helmet":2,"iceandfire:armor_green_leggings":1,"minecraft:golden_leggings":1,"minecraft:stone_pickaxe":1,"minecraft:diamond_boots":1,"minecraft:chainmail_chestplate":2,"archers:ranger_armor_head":1,"iceandfire:armor_red_helmet":1,"assortedtools:amethyst_chestplate":1,"iceandfire:tide_red_helmet":2,"iceandfire:armor_green_boots":2,"iceandfire:tide_red_boots":1,"iceandfire:armor_sapphire_boots":1,"minecraft:leather_boots":1,"majruszsdifficulty:tattered_chestplate":1,"iceandfire:armor_copper_metal_boots":1},"minecraft:dropped":{"minecraft:iron_sword":5,"minecraft:piston":3,"minecraft:lapis_lazuli":67,"minecraft:glass_bottle":1,"minecraft:diamond":13,"minecraft:crafting_table":3,"spellbladenext:arcane_claymore":4,"minecraft:cooked_porkchop":18,"archers:diamond_spear":1,"minecraft:cracked_stone_bricks":5,"minecraft:saddle":1,"minecraft:leather_helmet":1,"minecraft:gold_block":2,"minecraft:emerald":66,"minecraft:dirt":67,"minecraft:birch_fence":3,"minecraft:stone_button":2,"minecraft:gold_nugget":26,"minecraft:iron_pickaxe":4,"majruszsdifficulty:tattered_leggings":2,"minecraft:dark_oak_planks":1,"minecraft:fishing_rod":7,"minecraft:white_wool":5,"minecraft:bone":50,"minecraft:note_block":1,"majruszsdifficulty:cloth":18,"minecraft:stone_axe":1,"minecraft:goat_horn":1,"dungeonnowloading:scepter_of_sealed_chaos":1,"minecraft:lever":8,"minecraft:iron_nugget":26,"minecraft:golden_chestplate":3,"minecraft:cobbled_deepslate":26,"dungeonnowloading:wooden_wall_rack":1,"minecraft:birch_sapling":2,"minecraft:obsidian":3,"minecraft:rotten_flesh":150,"dungeonnowloading:mossy_cobblestone_pebble":13,"universal_graves:grave_compass":37,"minecraft:glowstone_dust":2,"minecraft:salmon":23,"minecraft:rabbit_foot":67,"iceandfire:shiny_scales":4,"rogues:rogue_armor_head":1,"minecraft:tipped_arrow":12,"minecraft:charcoal":1,"vc_gliders:paraglider_iron":1,"iceandfire:bestiary":1,"minecraft:glass":17,"minecraft:lectern":4,"minecraft:enchanted_book":5,"minecraft:golden_boots":1,"minecraft:iron_ingot":84,"minecraft:wheat_seeds":70,"minecraft:mangrove_trapdoor":1,"clutter:copper_coin":36,"minecraft:feather":2,"minecraft:cobblestone":267,"minecraft:prismarine_crystals":3,"minecraft:book":64,"majruszsdifficulty:soul_jar":1,"minecraft:deepslate_tile_slab":1,"minecraft:chainmail_helmet":1,"minecraft:coal":6,"minecraft:golden_apple":1,"minecraft:polished_andesite":2,"minecraft:pufferfish":11,"minecraft:cobweb":10,"minecraft:sculk":1,"minecraft:golden_carrot":5,"minecraft:ink_sac":1,"minecraft:cooked_salmon":4,"minecraft:potion":2,"doggytalents:koji":5,"paladins:diamond_kite_shield":1,"minecraft:smooth_stone":3,"minecraft:iron_shovel":2,"minecraft:chainmail_leggings":1,"minecraft:string":98,"minecraft:acacia_planks":42,"iceandfire:dragon_skull_fire":3,"artifacts:bunny_hoppers":1,"minecraft:stone_brick_slab":1,"minecraft:brick_wall":1,"minecraft:player_head":1,"minecraft:smooth_stone_slab":2,"minecraft:bowl":2,"minecraft:iron_boots":1,"minecraft:name_tag":2,"naturalist:cooked_bass":4,"minecraft:spruce_fence":10,"minecraft:diamond_sword":3,"minecraft:potato":2,"minecraft:hay_block":3,"minecraft:cyan_wool":1,"minecraft:stone":3,"minecraft:peony":4,"majruszsdifficulty:bandage":7,"minecraft:spruce_trapdoor":3,"minecraft:spruce_planks":2,"minecraft:diamond_pickaxe":1,"minecraft:wooden_shovel":2,"minecraft:stone_bricks":2,"minecraft:spider_eye":4,"minecraft:bow":4,"iceandfire:sea_serpent_fang":9,"iceandfire:dragon_skull_lightning":2,"minecraft:candle":1,"minecraft:birch_planks":30,"minecraft:diamond_axe":7,"minecraft:baked_potato":18,"minecraft:golden_pickaxe":2,"minecraft:decorated_pot":3,"dungeonnowloading:skull_of_chaos":2,"archers:royal_longbow":2,"dungeonnowloading:cobblestone_pebble":25,"iceandfire:fire_dragon_flesh":8,"minecraft:leather":41,"iceandfire:tide_trident":5,"minecraft:flint":1,"minecraft:cobblestone_stairs":4,"minecraft:cod":37,"majruszsdifficulty:cerberus_fang":5,"artifacts:novelty_drinking_hat":1,"minecraft:mutton":2,"dungeonnowloading:soul_cloth":1,"minecraft:snowball":59,"minecraft:amethyst_shard":3,"iceandfire:ash":4,"minecraft:stripped_oak_wood":1,"minecraft:birch_log":54,"assortedtools:copper_leggings":1,"iceandfire:armor_gray_helmet":1,"minecraft:gold_ingot":29,"majruszsdifficulty:tattered_chestplate":1,"minecraft:gravel":17,"spellbladenext:phoenix_spell_book":1,"doggytalents:training_treat":6,"simplyskills:malevolent_manuscript":1,"iceandfire:ghost_sword":3,"minecraft:diamond_shovel":1,"minecraft:carrot":4,"clutter:panda_plushie":1,"minecraft:chiseled_stone_bricks":1,"minecraft:leather_chestplate":1,"supplementaries:ash":11,"minecraft:gunpowder":2,"minecraft:birch_trapdoor":4,"minecraft:skeleton_skull":1,"minecraft:spruce_pressure_plate":2,"minecraft:stone_brick_wall":3,"minecraft:chest":4,"minecraft:birch_door":6,"minecraft:chainmail_boots":2,"spellbladenext:fire_claymore":2,"simplyswords:diamond_greathammer":1,"doggytalents:rice_grains":3,"minecraft:arrow":157,"minecraft:oak_leaves":1,"minecraft:water_bucket":1,"minecraft:bread":27,"minecraft:oak_slab":2,"clutter:small_lily_pads":1,"minecraft:lilac":1,"minecraft:mossy_cobblestone":27,"iceandfire:dragonscales_green":12,"minecraft:diamond_leggings":1,"minecraft:golden_axe":1,"minecraft:copper_ingot":1,"minecraft:spruce_stairs":2,"minecraft:grass_block":4,"minecraft:spruce_fence_gate":2,"paladins:diamond_mace":1,"minecraft:stick":12,"supplementaries:pancake":48,"minecraft:diorite":3,"minecraft:torch":16,"minecraft:smooth_quartz":2,"archers:mechanic_shortbow":1,"minecraft:fire_charge":1,"travelersbackpack:spider":1,"iceandfire:armor_white_leggings":1,"minecraft:iron_axe":1,"spellbladenext:runegleaming_head":2,"minecraft:tripwire_hook":6,"iceandfire:dragonbone":30,"minecraft:redstone":18,"archers:ranger_armor_head":1,"minecraft:kelp":62,"minecraft:blaze_rod":6,"minecraft:raw_copper":2,"minecraft:tuff":3,"assortedtools:pokeball":1,"minecraft:raw_iron":13,"iceandfire:witherbone":2,"minecraft:sculk_sensor":1,"minecraft:wither_skeleton_skull":3,"dungeonnowloading:spawner_fragment":17,"minecraft:flint_and_steel":2,"minecraft:shield":1,"extraspellattributes:goldquartzamulet":1,"iceandfire:armor_green_boots":1,"minecraft:diamond_chestplate":3,"travelersbackpack:lapis":1,"paladins:golden_kite_shield":2,"minecraft:mossy_stone_bricks":4,"artifacts:pocket_piston":1,"explorerscompass:explorerscompass":1,"iceandfire:fire_dragon_heart":2,"minecraft:stone_pickaxe":1,"minecraft:wooden_pickaxe":2,"minecraft:raw_gold":6,"minecraft:magma_cream":12,"minecraft:calcite":1},"minecraft:picked_up":{"minecraft:birch_door":5,"minecraft:anvil":2,"minecraft:chainmail_boots":1,"minecraft:suspicious_stew":1,"minecraft:prismarine_shard":18,"minecraft:lead":2,"doggytalents:koji":12,"archers:mechanic_shortbow":1,"minecraft:diamond_sword":6,"minecraft:smithing_table":1,"minecraft:oak_stairs":2,"minecraft:enchanted_book":45,"minecraft:brewing_stand":3,"minecraft:golden_sword":2,"minecraft:amethyst_block":30,"minecraft:polished_blackstone_brick_stairs":1,"minecraft:string":382,"minecraft:soul_soil":4,"minecraft:cooked_salmon":45,"minecraft:pufferfish":124,"minecraft:shroomlight":2,"minecraft:beetroot":22,"minecraft:cobbled_deepslate":57,"minecraft:gold_nugget":743,"minecraft:diamond_leggings":2,"minecraft:spruce_planks":17,"assortedtools:pokeball":111,"iceandfire:ghost_sword":7,"minecraft:diamond_ore":1,"minecraft:dark_oak_door":3,"minecraft:spruce_pressure_plate":2,"explorerscompass:explorerscompass":1,"minecraft:jukebox":4,"minecraft:composter":1,"minecraft:brick_wall":1,"minecraft:acacia_log":1,"iceandfire:lightning_dragon_flesh":7,"minecraft:golden_axe":3,"minecraft:warped_button":1,"minecraft:golden_chestplate":4,"minecraft:rabbit_foot":1,"minecraft:cauldron":1,"iceandfire:lightning_lily":2,"minecraft:stone_sword":1,"clutter:coin_pouch":3,"minecraft:tropical_fish":20,"minecraft:red_tulip":1,"iceandfire:fire_dragon_heart":6,"minecraft:iron_block":1,"supplementaries:quiver":6,"supplementaries:ash":83,"spellbladenext:runegleaming_head":2,"majruszsdifficulty:undead_army_treasure_bag":2,"minecraft:blaze_rod":6,"minecraft:iron_bars":3,"minecraft:snowball":140,"minecraft:birch_log":287,"iceandfire:dragonscales_black":12,"minecraft:feather":29,"minecraft:cooked_beef":47,"minecraft:water_bucket":1,"minecraft:cherry_leaves":1,"minecraft:iron_door":5,"minecraft:jungle_log":1,"minecraft:smoker":4,"minecraft:jungle_wood":6,"rogues:rogue_armor_head":1,"minecraft:flint":14,"farmersdelight:tomato":13,"minecraft:glowstone_dust":8,"minecraft:moss_block":3,"minecraft:honeycomb":5,"simplyswords:storms_edge":1,"minecraft:chiseled_polished_blackstone":2,"dungeonnowloading:spawner_boots":1,"dungeonnowloading:spawner_frame":10,"iceandfire:dragonscales_amethyst":52,"iceandfire:dragonscales_sapphire":37,"minecraft:stripped_acacia_wood":4,"iceandfire:dragon_skull_fire":14,"iceandfire:shiny_scales":57,"dungeonnowloading:scepter_of_sealed_chaos":2,"archers:diamond_spear":2,"minecraft:stripped_spruce_log":3,"minecraft:ink_sac":41,"iceandfire:lightning_dragon_heart":3,"minecraft:acacia_stairs":3,"minecraft:red_terracotta":18,"naturalist:duck_egg":1,"iceandfire:chared_cobblestone":5,"minecraft:bundle":2,"minecraft:polished_andesite":3,"minecraft:deepslate":7,"iceandfire:lectern":2,"iceandfire:crackled_stone":1,"minecraft:granite":18,"spellbladenext:frost_blade":1,"minecraft:bread":14,"minecraft:golden_horse_armor":2,"minecraft:chainmail_helmet":1,"minecraft:bricks":6,"iceandfire:raw_silver":11,"minecraft:diamond_pickaxe":5,"iceandfire:dragon_skull_lightning":13,"minecraft:crafting_table":8,"minecraft:coarse_dirt":1,"iceandfire:witherbone":21,"minecraft:nether_wart":22,"minecraft:golden_pickaxe":2,"minecraft:leather_leggings":1,"travelersbackpack:sandstone":8,"iceandfire:sea_serpent_scales_blue":22,"minecraft:heavy_weighted_pressure_plate":2,"doggytalents:rice_mill":11,"minecraft:red_bed":3,"minecraft:flint_and_steel":3,"minecraft:netherite_scrap":6,"minecraft:compass":1,"dungeonnowloading:spawner_fragment":281,"iceandfire:ghost_ingot":2,"clutter:raw_silver":42,"minecraft:cracked_stone_bricks":7,"minecraft:netherite_sword":1,"minecraft:deepslate_diamond_ore":1,"minecraft:beef":139,"minecraft:cyan_wool":2,"minecraft:iron_nugget":32,"spellbladenext:fire_claymore":2,"minecraft:poppy":2,"minecraft:spruce_slab":1,"iceandfire:dragonscales_electric":54,"minecraft:chest":30,"minecraft:birch_sapling":34,"minecraft:egg":5,"minecraft:sandstone":49,"minecraft:stone":41,"minecraft:spruce_fence":12,"minecraft:fire_charge":2,"minecraft:carrot":184,"minecraft:redstone":90,"minecraft:mangrove_trapdoor":1,"minecraft:prismarine_crystals":32,"iceandfire:dragon_skull_ice":6,"minecraft:diamond_chestplate":4,"minecraft:cooked_cod":72,"minecraft:decorated_pot":6,"minecraft:peony":4,"spell_engine:spell_binding":3,"minecraft:diamond_boots":2,"minecraft:hay_block":33,"iceandfire:dragonscales_silver":17,"majruszsdifficulty:soul_jar":1,"minecraft:cracked_deepslate_bricks":1,"minecraft:yellow_terracotta":2,"dungeonnowloading:skull_of_chaos":1,"minecraft:totem_of_undying":2,"paladins:golden_mace":1,"minecraft:gold_ingot":84,"artifacts:pocket_piston":3,"minecraft:mutton":122,"minecraft:emerald_ore":20,"minecraft:bone_block":1,"minecraft:white_wool":57,"iceandfire:sea_serpent_fang":56,"minecraft:tripwire_hook":13,"majruszsdifficulty:tattered_helmet":1,"minecraft:acacia_wood":76,"majruszsdifficulty:cloth":42,"doggytalents:rice_grains":12,"assortedtools:i_fragment":1,"minecraft:oak_log":26,"minecraft:lily_pad":8,"minecraft:golden_boots":2,"minecraft:sculk_vein":9,"minecraft:paper":5,"minecraft:white_banner":1,"minecraft:stone_bricks":29,"minecraft:kelp":185,"majruszsdifficulty:tattered_leggings":7,"minecraft:music_disc_far":1,"minecraft:iron_ore":14,"minecraft:cobweb":21,"majruszsdifficulty:angler_treasure_bag":1,"minecraft:glass_bottle":2,"minecraft:iron_sword":3,"spellbladenext:arcane_claymore":2,"iceandfire:chared_stone":5,"iceandfire:copper_nugget":4,"iceandfire:sea_serpent_scales_green":8,"minecraft:sculk":1,"minecraft:gravel":95,"minecraft:birch_stairs":2,"clutter:small_lily_pads":5,"clutter:cotton_seeds":2,"minecraft:spruce_log":5,"graveyard:middle_bone_staff":1,"minecraft:crying_obsidian":1,"naturalist:cooked_bass":44,"minecraft:leather_helmet":1,"iceandfire:dragonscales_copper":14,"iceandfire:dragon_flute":3,"minecraft:diamond_shovel":1,"spellbladenext:phoenix_spell_book":1,"minecraft:slime_ball":7,"archers:rapid_crossbow":1,"minecraft:diamond_axe":5,"minecraft:scute":9,"minecraft:gray_wool":1,"iceandfire:ice_dragon_flesh":4,"minecraft:baked_potato":105,"minecraft:stripped_dark_oak_log":2,"minecraft:hopper":3,"minecraft:ender_pearl":1,"minecraft:wheat":59,"minecraft:iron_trapdoor":2,"minecraft:yellow_wool":2,"minecraft:potion":3,"minecraft:nether_brick":4,"travelersbackpack:spider":1,"travelersbackpack:emerald":6,"rogues:golden_dagger":1,"minecraft:raw_copper":66,"minecraft:smooth_stone_slab":6,"universal_graves:grave_compass":12,"minecraft:experience_bottle":16,"iceandfire:sea_serpent_scales_bronze":20,"assortedtools:diamond_multitool":2,"minecraft:smooth_stone":6,"minecraft:comparator":2,"iceandfire:frost_lily":1,"minecraft:rose_bush":1,"minecraft:cobblestone_slab":4,"dungeonnowloading:mossy_cobblestone_pebble":16,"minecraft:calcite":8,"minecraft:smooth_quartz":6,"minecraft:wooden_shovel":2,"minecraft:iron_pickaxe":3,"minecraft:iron_boots":1,"iceandfire:dragonscales_red":53,"farmersdelight:cabbage_seeds":1,"supplementaries:pancake":16,"minecraft:furnace":2,"minecraft:tipped_arrow":135,"iceandfire:pixie_dust":4,"minecraft:stick":74,"minecraft:acacia_fence":2,"minecraft:oak_fence":17,"minecraft:torch":45,"minecraft:spruce_stairs":5,"minecraft:porkchop":129,"minecraft:netherite_shovel":1,"minecraft:diorite":23,"minecraft:music_disc_pigstep":3,"minecraft:goat_horn":1,"minecraft:blue_stained_glass":1,"minecraft:rotten_flesh":339,"minecraft:music_disc_ward":1,"extraspellattributes:goldquartzring":2,"minecraft:leather_horse_armor":1,"minecraft:obsidian":23,"minecraft:cod":681,"minecraft:cobblestone":2179,"minecraft:nautilus_shell":23,"minecraft:pink_petals":32,"minecraft:leather_chestplate":3,"archers:royal_longbow":5,"minecraft:lilac":3,"minecraft:magma_cream":12,"minecraft:repeater":3,"minecraft:andesite":2,"minecraft:golden_leggings":1,"minecraft:potato":60,"minecraft:tuff":7,"supplementaries:flute":1,"paladins:diamond_mace":1,"minecraft:wither_skeleton_skull":5,"minecraft:lapis_lazuli":242,"minecraft:dirt":1296,"dungeonnowloading:spawner_helmet":1,"minecraft:name_tag":17,"minecraft:leather_boots":3,"minecraft:glass":29,"minecraft:bone":696,"minecraft:acacia_planks":46,"minecraft:bow":20,"minecraft:wheat_seeds":521,"minecraft:raw_gold":45,"minecraft:birch_wood":1,"minecraft:grindstone":1,"minecraft:mossy_stone_bricks":27,"minecraft:fletching_table":7,"minecraft:oak_planks":2,"iceandfire:amphithere_feather":5,"wizards:staff_netherite_fire":1,"minecraft:cooked_porkchop":35,"minecraft:music_disc_13":4,"doggytalents:training_treat":3,"minecraft:poisonous_potato":2,"minecraft:sand":95,"minecraft:grass_block":7,"minecraft:lily_of_the_valley":1,"minecraft:spectral_arrow":26,"dungeonnowloading:wooden_wall_rack":2,"minecraft:mossy_cobblestone":34,"minecraft:dark_prismarine":6,"artifacts:plastic_drinking_hat":1,"minecraft:spruce_fence_gate":2,"minecraft:light_gray_concrete":3,"clutter:copper_coin":19,"minecraft:diamond":94,"minecraft:soul_lantern":1,"minecraft:cracked_polished_blackstone_bricks":6,"minecraft:crossbow":2,"minecraft:bone_meal":5,"minecraft:golden_apple":9,"minecraft:emerald":106,"iceandfire:tide_trident":6,"minecraft:oak_sapling":6,"minecraft:netherrack":468,"minecraft:oak_leaves":1,"archers:ranger_armor_head":1,"minecraft:lingering_potion":1,"minecraft:fishing_rod":26,"majruszsdifficulty:tattered_boots":4,"dungeonnowloading:spawner_leggings":1,"minecraft:chicken":6,"minecraft:ladder":3,"archers:archer_spell_book":2,"minecraft:turtle_helmet":2,"iceandfire:fire_lily":1,"dungeonnowloading:cobblestone_pebble":27,"minecraft:stone_brick_wall":3,"minecraft:gold_block":11,"doggytalents:rice_wheat":142,"extraspellattributes:goldquartzamulet":2,"paladins:golden_kite_shield":1,"minecraft:moss_carpet":2,"minecraft:iron_axe":2,"artifacts:feral_claws":2,"minecraft:item_frame":2,"minecraft:birch_fence":13,"minecraft:blackstone":9,"minecraft:cyan_carpet":4,"graveyard:corruption":14,"simplyswords:runic_tablet":2,"minecraft:candle":3,"minecraft:oak_boat":8,"minecraft:player_head":1,"vc_gliders:paraglider_iron":3,"minecraft:lectern":24,"minecraft:sugar_cane":259,"iceandfire:ice_dragon_heart":2,"minecraft:spruce_trapdoor":3,"minecraft:phantom_membrane":7,"assortedtools:m_fragment":1,"minecraft:stripped_mangrove_wood":2,"minecraft:raw_iron":136,"iceandfire:dragonscales_gray":29,"iceandfire:dragonbone":166,"iceandfire:dragonscales_green":60,"minecraft:bowl":5,"minecraft:flowering_azalea_leaves":1,"minecraft:note_block":3,"minecraft:polished_blackstone_bricks":37,"minecraft:stone_button":3,"minecraft:trident":1,"archers:archers_workbench":4,"minecraft:dark_oak_planks":27,"minecraft:arrow":549,"iceandfire:sea_serpent_scales_purple":81,"dungeonnowloading:spawner_chestplate":1,"iceandfire:cyclops_eye":2,"minecraft:golden_hoe":1,"minecraft:nether_bricks":1,"iceandfire:chared_dirt":2,"minecraft:saddle":10,"majruszsdifficulty:cerberus_fang":12,"minecraft:brick_stairs":4,"iceandfire:myrmex_resin_sticky_desert":2,"minecraft:skeleton_skull":1,"minecraft:netherite_boots":1,"minecraft:basalt":41,"dungeonnowloading:chaotic_hexahedron":1,"minecraft:golden_carrot":84,"minecraft:salmon":301,"clutter:giant_lily_pad":3,"minecraft:leather":265,"minecraft:birch_planks":105,"minecraft:crimson_fungus":3,"iceandfire:ectoplasm":1,"minecraft:gunpowder":112,"iceandfire:dragonegg_gray":1,"minecraft:cobblestone_stairs":22,"minecraft:deepslate_tile_slab":1,"minecraft:cooked_mutton":25,"iceandfire:tide_green_chestplate":1,"naturalist:bass":23,"minecraft:red_nether_brick_stairs":1,"minecraft:spruce_wood":6,"minecraft:heart_of_the_sea":1,"minecraft:iron_ingot":109,"minecraft:cooked_chicken":2,"minecraft:stripped_oak_wood":1,"iceandfire:fire_dragon_flesh":28,"minecraft:music_disc_chirp":1,"minecraft:book":147,"minecraft:sculk_catalyst":3,"minecraft:oak_slab":3,"minecraft:warped_fungus":1,"iceandfire:dragon_horn":1,"minecraft:birch_boat":2,"minecraft:pumpkin":3,"minecraft:chiseled_stone_bricks":1,"iceandfire:ash":30,"minecraft:stone_brick_slab":1,"minecraft:quartz":225,"minecraft:dandelion":4,"minecraft:amethyst_shard":51,"minecraft:blast_furnace":3,"majruszsdifficulty:bandage":12,"dungeonnowloading:great_experience_bottle":5,"minecraft:gold_ore":7,"minecraft:spruce_door":1,"minecraft:mossy_stone_brick_slab":2,"minecraft:spider_eye":31,"minecraft:sculk_sensor":3,"simplyskills:malevolent_manuscript":1,"iceandfire:sea_serpent_scales_red":97,"minecraft:chainmail_leggings":1,"rogues:arms_workbench":2,"minecraft:terracotta":15,"minecraft:damaged_anvil":2,"dungeonnowloading:soul_cloth":6,"minecraft:dark_oak_wood":19,"majruszsdifficulty:tattered_chestplate":7,"minecraft:coal":303,"minecraft:sunflower":1},"minecraft:used":{"iceandfire:lectern":4,"minecraft:moss_block":1,"minecraft:music_disc_far":1,"minecraft:writable_book":1,"minecraft:ladder":1,"iceandfire:dragon_skull_ice":3,"minecraft:chest":55,"minecraft:stone":21,"iceandfire:armor_gray_leggings":1,"minecraft:soul_sand":2,"minecraft:blue_stained_glass":1,"naturalist:cooked_bass":60,"iceandfire:spawn_egg_fire_dragon":1,"minecraft:snowball":23,"travelersbackpack:emerald":18,"mutantmonsters:mutant_creeper_spawn_egg":1,"minecraft:grass_block":267,"minecraft:villager_spawn_egg":4,"minecraft:music_disc_pigstep":3,"minecraft:birch_sapling":14,"minecraft:music_disc_ward":1,"minecraft:quartz_block":136,"minecraft:music_disc_chirp":1,"minecraft:cherry_leaves":311,"minecraft:bow":139,"minecraft:furnace":12,"minecraft:cooked_cod":201,"minecraft:egg":9,"iceandfire:armor_green_leggings":1,"simplyswords:ribboncleaver":18,"minecraft:emerald_ore":20,"minecraft:damaged_anvil":1,"clutter:giant_lily_pad":1,"spellbladenext:arcane_claymore":201,"minecraft:mossy_stone_bricks":15,"minecraft:wooden_pickaxe":18,"rogues:arms_workbench":1,"minecraft:oak_leaves":7,"minecraft:golden_apple":9,"minecraft:sand":15,"minecraft:blast_furnace":3,"minecraft:birch_fence":45,"minecraft:birch_slab":3,"minecraft:lectern":25,"minecraft:oak_pressure_plate":4,"minecraft:diamond_ore":1,"dungeonnowloading:scepter_of_sealed_chaos":20,"minecraft:diamond_sword":230,"minecraft:smithing_table":1,"assortedtools:diamond_multitool":3064,"minecraft:oak_boat":165,"travelersbackpack:sandstone":13,"iceandfire:armor_gray_helmet":2,"spellbladenext:voidforge":9,"dungeonnowloading:spawner_leggings":1,"minecraft:stone_sword":112,"minecraft:enchanting_table":3,"spellbladenext:monkeystaff":52,"simplyswords:iron_warglaive":3,"minecraft:cooked_salmon":54,"minecraft:torch":146,"minecraft:brewing_stand":2,"minecraft:netherrack":160,"minecraft:stick":3,"simplyswords:gold_claymore":23,"minecraft:anvil":4,"minecraft:target":2,"simplyswords:storms_edge":117,"minecraft:chainmail_chestplate":2,"archers:archers_workbench":5,"archers:heavy_crossbow":14,"iceandfire:armor_green_chestplate":2,"minecraft:oak_fence_gate":4,"majruszsdifficulty:angler_treasure_bag":64,"minecraft:light_weighted_pressure_plate":1,"minecraft:iron_axe":377,"spellbladenext:fire_claymore":9,"minecraft:smooth_quartz":1,"minecraft:tripwire_hook":2,"minecraft:basalt":38,"iceandfire:dragonegg_gray":1,"minecraft:iron_trapdoor":17,"iceandfire:armor_green_boots":2,"minecraft:trapped_chest":7,"iceandfire:armor_gray_chestplate":2,"minecraft:cobbled_deepslate":50,"minecraft:acacia_planks":71,"minecraft:observer":4,"minecraft:wheat_seeds":60,"minecraft:water_bucket":299,"minecraft:birch_planks":103,"minecraft:cauldron":1,"minecraft:fletching_table":6,"iceandfire:dragon_skull_lightning":10,"minecraft:cracked_stone_bricks":2,"minecraft:polished_blackstone_bricks":31,"minecraft:mossy_cobblestone":4,"minecraft:red_bed":3,"minecraft:comparator":6,"minecraft:tnt":5,"minecraft:crafting_table":19,"minecraft:oak_slab":98,"minecraft:cod":32,"minecraft:white_bed":3,"minecraft:oak_log":43,"majruszsdifficulty:undead_army_treasure_bag":6,"minecraft:dark_prismarine":6,"minecraft:diamond_pickaxe":1380,"minecraft:diamond_shovel":116,"minecraft:iron_pickaxe":1023,"iceandfire:dragon_horn":57,"minecraft:spruce_pressure_plate":1,"minecraft:enchanted_book":1,"minecraft:cobblestone":855,"minecraft:potion":2,"archers:royal_longbow":1628,"minecraft:jukebox":7,"iceandfire:tide_trident":472,"iceandfire:ghost_sword":1030,"minecraft:iron_shovel":124,"iceandfire:spawn_egg_ice_dragon":3,"minecraft:decorated_pot":2,"minecraft:shield":69,"minecraft:iron_sword":110,"doggytalents:rice_grains":85,"minecraft:jungle_planks":12,"minecraft:carrot":112,"minecraft:music_disc_13":3,"minecraft:tuff":4,"minecraft:obsidian":14,"minecraft:cyan_wool":1,"minecraft:glass":24,"minecraft:quartz_slab":11,"minecraft:lantern":107,"minecraft:stone_bricks":20,"minecraft:deepslate_diamond_ore":1,"minecraft:repeater":23,"iceandfire:tide_red_leggings":1,"rogues:iron_glaive":3,"minecraft:gold_block":1,"minecraft:diamond_boots":1,"minecraft:stone_pickaxe":442,"minecraft:oak_planks":309,"iceandfire:armor_green_helmet":1,"minecraft:sugar_cane":28,"minecraft:sandstone":12,"minecraft:redstone_block":5,"minecraft:chainmail_helmet":1,"spell_engine:spell_binding":2,"minecraft:diamond_axe":6,"minecraft:calibrated_sculk_sensor":3,"minecraft:white_wool":54,"minecraft:loom":1,"minecraft:crossbow":34,"minecraft:sponge":12,"minecraft:lingering_potion":2,"minecraft:note_block":4,"majruszsdifficulty:tattered_leggings":1,"minecraft:sticky_piston":7,"minecraft:redstone_torch":4,"minecraft:heavy_weighted_pressure_plate":2,"minecraft:birch_fence_gate":2,"minecraft:bread":134,"minecraft:string":3,"minecraft:deepslate":3,"minecraft:gravel":4,"minecraft:iron_door":2,"graveyard:middle_bone_staff":1,"iceandfire:dragon_skull_fire":7,"minecraft:stripped_oak_wood":76,"minecraft:grindstone":2,"iceandfire:spawn_egg_hippogryph":2,"minecraft:andesite":1,"minecraft:chain":10,"minecraft:coarse_dirt":1,"minecraft:bone_meal":195,"minecraft:experience_bottle":157,"minecraft:oak_fence":256,"minecraft:trident":59,"doggytalents:rice_mill":12,"minecraft:cracked_deepslate_bricks":1,"minecraft:flint_and_steel":8,"minecraft:redstone":15,"minecraft:dried_kelp":55,"minecraft:spruce_planks":35,"minecraft:wooden_shovel":101,"minecraft:cooked_chicken":2,"minecraft:dirt":390,"minecraft:hopper":7,"minecraft:diamond_helmet":1,"minecraft:dark_oak_planks":81,"minecraft:birch_door":1,"iceandfire:tide_green_chestplate":1,"minecraft:stone_brick_slab":17,"minecraft:bookshelf":38,"minecraft:oak_stairs":180,"assortedtools:amethyst_chestplate":1,"minecraft:golden_carrot":99,"minecraft:soul_soil":1,"minecraft:wolf_spawn_egg":1,"dungeonnowloading:spawner_chestplate":1,"minecraft:acacia_boat":1,"minecraft:iron_ore":14,"iceandfire:fire_dragon_flesh":3,"minecraft:cobblestone_stairs":219,"minecraft:snow_block":12,"minecraft:baked_potato":44,"minecraft:birch_boat":3,"minecraft:cobblestone_slab":4,"minecraft:terracotta":15,"minecraft:smoker":3,"archers:rapid_crossbow":32,"simplyswords:watching_warglaive":1,"minecraft:apple":20,"minecraft:map":1,"dungeonnowloading:great_experience_bottle":5,"iceandfire:ash":4,"spellbladenext:starforge":1,"minecraft:stone_axe":88,"minecraft:fishing_rod":2088,"minecraft:white_banner":1,"majruszsdifficulty:bandage":3,"minecraft:bucket":25,"minecraft:pumpkin_pie":7,"minecraft:smooth_stone":3,"minecraft:chainmail_leggings":1},"minecraft:killed":{"illagerinvasion:archivist":1,"guardvillagers:guard":1,"minecraft:cave_spider":62,"iceandfire:hippogryph":2,"minecraft:cod":19,"illagerinvasion:basher":1,"naturalist:boar":3,"minecraft:skeleton":327,"minecraft:guardian":4,"graveyard:acolyte":9,"minecraft:chicken":8,"majruszsdifficulty:creeperling":4,"minecraft:tropical_fish":11,"minecraft:magma_cube":1,"minecraft:parrot":1,"naturalist:firefly":1,"minecraft:salmon":25,"majruszsdifficulty:tank":11,"minecraft:pillager":20,"minecraft:zombie":288,"iceandfire:myrmex_queen":1,"iceandfire:lightning_dragon":1,"mutantmonsters:mutant_creeper":3,"iceandfire:sea_serpent":14,"minecraft:cow":52,"minecraft:evoker":1,"graveyard:nightmare":1,"minecraft:vindicator":8,"majruszsdifficulty:illusioner":1,"illagerinvasion:marauder":2,"creeperoverhaul:snowy_creeper":2,"iceandfire:siren":13,"dungeonnowloading:chaos_spawner":2,"minecraft:husk":97,"graveyard:ghoul":1,"iceandfire:cyclops":5,"endermanoverhaul:warped_forest_enderman":2,"majruszsdifficulty:cursed_armor":16,"whisperwoods:zotzpyre":6,"mutantmonsters:creeper_minion":6,"iceandfire:ghost":13,"iceandfire:ice_dragon":1,"creeperoverhaul:savannah_creeper":1,"minecraft:enderman":1,"minecraft:zombified_piglin":47,"minecraft:witch":3,"graveyard:skeleton_creeper":15,"creeperoverhaul:beach_creeper":1,"minecraft:spider":85,"creeperoverhaul:bamboo_creeper":5,"minecraft:bee":3,"illagerinvasion:provoker":1,"minecraft:piglin_brute":5,"minecraft:wolf":3,"minecraft:piglin":35,"minecraft:pig":8,"minecraft:zombie_villager":6,"minecraft:creeper":48,"minecraft:sheep":38,"minecraft:trader_llama":1,"minecraft:ghast":1,"minecraft:stray":60,"iceandfire:pixie":1,"clutter:butterfly":1,"minecraft:blaze":10,"minecraft:vex":4,"clutter:jellyfish":1,"minecraft:slime":8,"minecraft:phantom":22,"naturalist:elephant":1,"iceandfire:fire_dragon":10,"spellbladenext:magister":1,"naturalist:bass":64,"minecraft:drowned":10,"majruszsdifficulty:cerberus":5,"iceandfire:myrmex_sentinel":1,"whisperwoods:hidebehind":1,"naturalist:butterfly":1,"iceandfire:amphithere":1,"minecraft:hoglin":25,"minecraft:squid":3,"iceandfire:myrmex_soldier":2,"mutantmonsters:mutant_zombie":1,"minecraft:wither_skeleton":140,"minecraft:player":8,"minecraft:villager":6},"minecraft:crafted":{"iceandfire:banner_pattern_eye":1,"iceandfire:dragonarmor_gold_neck":1,"doggytalents:super_treat":125,"assortedtools:diamond_multitool":1,"doggytalents:whistle":1,"travelersbackpack:crafting_upgrade":1,"minecraft:birch_boat":1,"minecraft:birch_slab":24,"minecraft:loom":1,"minecraft:diamond_shovel":1,"minecraft:lever":8,"minecraft:bookshelf":44,"minecraft:cracked_stone_bricks":6,"naturalist:cooked_bass":20,"minecraft:glass":6,"minecraft:diamond_helmet":1,"explorerscompass:explorerscompass":1,"minecraft:birch_fence_gate":2,"archers:composite_longbow":1,"iceandfire:armor_copper_metal_chestplate":1,"minecraft:iron_door":3,"minecraft:birch_door":3,"dungeonnowloading:scepter_of_sealed_chaos":1,"minecraft:wooden_shovel":1,"minecraft:emerald":269,"minecraft:diamond_axe":1,"minecraft:copper_ingot":20,"iceandfire:armor_green_chestplate":1,"spellbladenext:arcane_claymore":2,"iceandfire:armor_gray_chestplate":1,"archers:heavy_crossbow":1,"travelersbackpack:emerald":2,"minecraft:lectern":5,"minecraft:stone_slab":6,"minecraft:compass":1,"minecraft:iron_pickaxe":1,"minecraft:iron_block":15,"minecraft:gold_ingot":259,"iceandfire:dragon_horn":2,"iceandfire:armor_sapphire_boots":1,"extraspellattributes:nonbelieversamulet":1,"minecraft:golden_carrot":29,"archers:archers_workbench":1,"vc_gliders:reinforced_paper_iron":3,"majruszsdifficulty:tattered_leggings":1,"iceandfire:armor_green_leggings":1,"minecraft:diamond_hoe":1,"doggytalents:rice_mill":1,"iceandfire:dragon_flute":2,"minecraft:bone_meal":258,"travelersbackpack:blank_upgrade":4,"travelersbackpack:gold_tier_upgrade":1,"minecraft:diamond":27,"minecraft:polished_diorite":4,"dungeonnowloading:spawner_leggings":1,"minecraft:stone_pickaxe":5,"doggytalents:master_treat":70,"iceandfire:dragonarmor_gold_body":1,"minecraft:dark_oak_planks":76,"minecraft:wheat":261,"archers:royal_longbow":3,"iceandfire:dragonbone_sword":2,"vc_gliders:reinforced_paper":3,"minecraft:enchanting_table":2,"minecraft:dried_kelp":24,"iceandfire:armor_black_boots":1,"minecraft:enchanted_book":1,"iceandfire:armor_red_helmet":1,"travelersbackpack:sandstone":4,"minecraft:birch_trapdoor":4,"dungeonnowloading:spawner_blade":2,"minecraft:iron_shovel":1,"minecraft:iron_leggings":2,"doggytalents:rice_grains":81,"minecraft:white_bed":1,"spell_engine:spell_binding":1,"minecraft:note_block":1,"minecraft:grindstone":1,"iceandfire:armor_electric_chestplate":1,"doggytalents:rice_bowl":64,"minecraft:oak_planks":44,"minecraft:cobblestone_slab":12,"assortedtools:pokeball":5,"assortedtools:amethyst_chestplate":1,"iceandfire:ghost_sword":2,"iceandfire:dragonarmor_gold_head":1,"iceandfire:lectern":2,"assortedtools:wood_bucket":13,"minecraft:stone":21,"minecraft:cobblestone_stairs":220,"iceandfire:armor_electric_leggings":1,"spellbladenext:arcane_blade":2,"minecraft:heavy_weighted_pressure_plate":1,"iceandfire:armor_copper_metal_boots":1,"minecraft:hopper":1,"minecraft:iron_boots":2,"iceandfire:armor_gray_helmet":2,"iceandfire:armor_green_helmet":1,"minecraft:chest":27,"dungeonnowloading:spawner_boots":1,"minecraft:stone_bricks":8,"minecraft:golden_sword":2,"majruszsdifficulty:tattered_helmet":1,"minecraft:white_banner":1,"travelersbackpack:iron_tier_upgrade":1,"minecraft:arrow":1128,"dungeonnowloading:spawner_frame":38,"minecraft:crafting_table":15,"minecraft:spruce_planks":50,"minecraft:wooden_pickaxe":1,"minecraft:iron_helmet":3,"runes:fire_stone":24,"minecraft:gold_block":25,"minecraft:birch_planks":1132,"minecraft:iron_chestplate":1,"minecraft:book":46,"minecraft:charcoal":1,"minecraft:paper":183,"archers:rapid_crossbow":1,"minecraft:diamond_pickaxe":1,"minecraft:yellow_dye":2,"minecraft:shield":2,"minecraft:stick":160,"minecraft:birch_fence":60,"minecraft:iron_ingot":290,"minecraft:stone_sword":1,"minecraft:snow_block":14,"iceandfire:tide_red_helmet":2,"assortedtools:amethyst_leggings":1,"doggytalents:training_treat":174,"iceandfire:armor_gray_leggings":1,"minecraft:fishing_rod":5,"minecraft:tripwire_hook":4,"iceandfire:tide_red_boots":1,"iceandfire:dragonarmor_gold_tail":1,"iceandfire:dragon_stick":1,"iceandfire:armor_electric_boots":1,"minecraft:stone_button":5,"minecraft:furnace":6,"assortedtools:copper_leggings":1,"minecraft:piston":3,"iceandfire:tide_green_chestplate":1,"vc_gliders:paraglider_iron":1,"iceandfire:armor_sapphire_leggings":1,"minecraft:flint_and_steel":1,"iceandfire:armor_electric_helmet":1,"travelersbackpack:diamond_tier_upgrade":1,"minecraft:sugar":64,"minecraft:cooked_cod":150,"minecraft:diamond_sword":1,"minecraft:iron_trapdoor":1,"iceandfire:dragon_meal":83,"travelersbackpack:backpack_tank":2,"iceandfire:tide_trident":2,"minecraft:iron_sword":2,"minecraft:bowl":108,"minecraft:cooked_salmon":31,"minecraft:bucket":3,"minecraft:stone_axe":1,"minecraft:acacia_boat":1,"minecraft:bread":81,"minecraft:air":0,"minecraft:jungle_planks":16,"iceandfire:tide_red_leggings":1,"iceandfire:bestiary":1,"dungeonnowloading:spawner_chestplate":1,"minecraft:gold_nugget":171,"minecraft:white_dye":1,"archers:archer_armor_legs":1,"minecraft:chipped_anvil":1,"minecraft:anvil":2,"minecraft:acacia_planks":284,"minecraft:torch":128,"iceandfire:armor_green_boots":2},"minecraft:custom":{"minecraft:interact_with_crafting_table":274,"minecraft:open_barrel":231,"goblintraders:trade_with_goblin":70,"minecraft:eat_cake_slice":1,"minecraft:leave_game":46,"minecraft:time_since_death":27012,"minecraft:damage_blocked_by_shield":6075,"minecraft:play_time":3453838,"minecraft:deaths":97,"minecraft:jump":32291,"minecraft:enchant_item":38,"minecraft:interact_with_furnace":200,"minecraft:play_record":9,"minecraft:traded_with_villager":216,"minecraft:sleep_in_bed":19,"minecraft:damage_dealt":187040,"minecraft:interact_with_smoker":8,"minecraft:interact_with_smithing_table":6,"minecraft:interact_with_anvil":74,"minecraft:inspect_hopper":6,"minecraft:damage_dealt_absorbed":116,"minecraft:target_hit":1,"minecraft:sneak_time":379407,"minecraft:interact_with_blast_furnace":13,"minecraft:total_world_time":3453838,"minecraft:tune_noteblock":1018,"minecraft:time_since_rest":30752,"minecraft:swim_one_cm":955649,"minecraft:fly_one_cm":7398353,"minecraft:open_chest":2185,"minecraft:fish_caught":974,"minecraft:fall_one_cm":798522,"minecraft:animals_bred":29,"minecraft:damage_resisted":29,"minecraft:sprint_one_cm":4442381,"minecraft:drop":645,"minecraft:play_noteblock":4,"minecraft:talked_to_villager":126,"minecraft:interact_with_brewingstand":1,"minecraft:walk_on_water_one_cm":734570,"minecraft:interact_with_loom":6,"minecraft:player_kills":9,"minecraft:crouch_one_cm":1521505,"minecraft:mob_kills":1825,"minecraft:damage_dealt_resisted":40976,"minecraft:climb_one_cm":61893,"minecraft:walk_one_cm":9953191,"minecraft:walk_under_water_one_cm":796083,"minecraft:boat_one_cm":436953,"minecraft:raid_trigger":1,"minecraft:interact_with_grindstone":44,"minecraft:hex":0,"minecraft:damage_taken":63933,"minecraft:damage_absorbed":25617,"minecraft:trigger_trapped_chest":7,"minecraft:threat":21},"minecraft:killed_by":{"creeperoverhaul:bamboo_creeper":1,"iceandfire:siren":1,"graveyard:acolyte":1,"minecraft:zombie":10,"minecraft:vex":2,"minecraft:husk":2,"minecraft:stray":2,"spellbladenext:magister":1,"minecraft:zombified_piglin":2,"minecraft:wither_skeleton":9,"iceandfire:cyclops":2,"minecraft:creeper":5,"minecraft:drowned":2,"graveyard:skeleton_creeper":1,"iceandfire:sea_serpent":7,"creeperoverhaul:ocean_creeper":2,"minecraft:cave_spider":1,"iceandfire:ice_dragon":1,"majruszsdifficulty:cerberus":1,"iceandfire:fire_dragon":12,"majruszsdifficulty:tank":1,"dungeonnowloading:chaos_spawner":1,"minecraft:skeleton":15,"iceandfire:lightning_dragon":2,"illagerinvasion:marauder":1,"iceandfire:myrmex_sentinel":1},"minecraft:mined":{"dungeonnowloading:iron_ingot_pile":4,"dungeonnowloading:spikes":13,"minecraft:jungle_leaves":2,"minecraft:obsidian":24,"minecraft:granite":18,"minecraft:chiseled_polished_blackstone":2,"minecraft:acacia_log":1,"minecraft:stone_brick_wall":3,"clutter:deepslate_silver_ore":7,"minecraft:jungle_log":1,"minecraft:deepslate_bricks":1,"minecraft:hopper":3,"minecraft:crimson_fungus":3,"minecraft:chiseled_stone_bricks":1,"minecraft:spawner":65,"minecraft:polished_blackstone_bricks":38,"minecraft:tall_seagrass":5,"minecraft:dark_oak_trapdoor":1,"minecraft:cobbled_deepslate":2,"minecraft:barrel":1,"minecraft:fire":162,"minecraft:deepslate_lapis_ore":11,"minecraft:fletching_table":7,"dungeonnowloading:wooden_wall_rack":1,"iceandfire:gold_pile":53,"minecraft:dirt_path":2,"minecraft:spruce_pressure_plate":2,"minecraft:light_gray_concrete":4,"minecraft:spruce_wood":7,"minecraft:stripped_mangrove_wood":2,"minecraft:white_banner":1,"minecraft:tripwire":3,"minecraft:red_bed":3,"minecraft:kelp_plant":41,"minecraft:smoker":4,"minecraft:amethyst_cluster":9,"iceandfire:myrmex_resin_sticky_desert":1,"minecraft:powder_snow":44,"minecraft:torch":9,"minecraft:note_block":3,"minecraft:dark_oak_wood":22,"minecraft:blast_furnace":3,"farmersdelight:cabbages":1,"minecraft:damaged_anvil":2,"minecraft:sugar_cane":162,"minecraft:bricks":3,"minecraft:amethyst_block":14,"minecraft:skeleton_skull":1,"minecraft:cyan_wool":1,"minecraft:jungle_wood":7,"minecraft:wheat":55,"minecraft:jukebox":3,"minecraft:waxed_copper_block":1,"minecraft:stone_brick_stairs":2,"travelersbackpack:sandstone":5,"minecraft:prismarine_brick_stairs":1,"minecraft:grass":52,"dungeonnowloading:explosive_barrel":33,"minecraft:smooth_quartz":21,"travelersbackpack:emerald":3,"minecraft:deepslate":93,"minecraft:yellow_terracotta":2,"minecraft:dark_prismarine":12,"minecraft:light_gray_stained_glass_pane":1,"iceandfire:silver_ore":5,"minecraft:mossy_cobblestone":33,"minecraft:nether_bricks":25,"minecraft:jungle_planks":2,"minecraft:spruce_fence":8,"minecraft:redstone_wire":1,"minecraft:kelp":18,"minecraft:moss_block":5,"minecraft:redstone_ore":5,"minecraft:snow":11,"minecraft:acacia_wood":78,"minecraft:andesite":1,"minecraft:potatoes":18,"minecraft:vine":6,"minecraft:cobblestone_slab":4,"iceandfire:frost_lily":1,"minecraft:bone_block":1,"minecraft:smithing_table":1,"minecraft:birch_stairs":2,"minecraft:redstone_block":2,"dungeonnowloading:mossy_cobblestone_pebbles":3,"minecraft:lily_of_the_valley":1,"minecraft:stone_brick_slab":2,"minecraft:emerald_ore":39,"doggytalents:rice_mill":11,"minecraft:copper_ore":16,"minecraft:tall_grass":10,"minecraft:deepslate_gold_ore":1,"minecraft:cracked_deepslate_bricks":2,"minecraft:diorite":22,"minecraft:red_terracotta":11,"minecraft:coarse_dirt":1,"minecraft:spruce_log":5,"minecraft:birch_leaves":147,"minecraft:sunflower":2,"minecraft:gravel":75,"minecraft:cobweb":16,"minecraft:acacia_planks":3,"minecraft:spruce_fence_gate":1,"minecraft:stone_bricks":39,"minecraft:gold_ore":32,"minecraft:iron_trapdoor":2,"minecraft:fern":2,"minecraft:large_amethyst_bud":3,"minecraft:spruce_planks":22,"minecraft:farmland":9,"minecraft:mossy_stone_brick_slab":2,"minecraft:sculk_vein":17,"minecraft:cobblestone_stairs":21,"minecraft:potted_blue_orchid":1,"minecraft:brewing_stand":3,"minecraft:spruce_trapdoor":3,"minecraft:budding_amethyst":3,"minecraft:grass_block":555,"minecraft:cracked_polished_blackstone_bricks":6,"iceandfire:lectern":2,"minecraft:soul_soil":4,"minecraft:composter":1,"minecraft:smooth_stone":10,"minecraft:glowstone":5,"minecraft:sculk_catalyst":3,"minecraft:red_nether_brick_stairs":1,"supplementaries:ash":5,"minecraft:iron_ore":91,"minecraft:anvil":1,"minecraft:dark_oak_stairs":1,"supplementaries:stick":3,"minecraft:iron_bars":3,"minecraft:spruce_slab":3,"archers:archers_workbench":4,"iceandfire:chared_cobblestone":10,"minecraft:deepslate_redstone_ore":3,"minecraft:blackstone":9,"graveyard:middle_bone_staff":1,"supplementaries:book_pile":1,"minecraft:medium_amethyst_bud":3,"dungeonnowloading:dungeon_wall_torch":1,"minecraft:calcite":12,"minecraft:chest":30,"iceandfire:fire_lily":1,"minecraft:nether_quartz_ore":143,"minecraft:cobblestone":117,"minecraft:birch_wood":1,"graveyard:lying_skeleton":1,"minecraft:grindstone":1,"minecraft:oak_planks":1,"minecraft:iron_door":6,"minecraft:wall_torch":7,"minecraft:cauldron":1,"minecraft:seagrass":3,"dungeonnowloading:gold_ingot_pile":5,"minecraft:dark_oak_door":1,"minecraft:nether_wart_block":2,"minecraft:birch_log":285,"minecraft:smooth_stone_slab":2,"minecraft:oak_log":11,"dungeonnowloading:wooden_wall_platform":2,"minecraft:acacia_fence":1,"minecraft:dirt":782,"minecraft:sand":81,"minecraft:tripwire_hook":2,"minecraft:netherrack":966,"minecraft:oak_leaves":35,"iceandfire:lightning_lily":2,"iceandfire:chared_stone":14,"minecraft:nether_gold_ore":5,"minecraft:diamond_ore":9,"minecraft:tuff":17,"minecraft:deepslate_diamond_ore":4,"minecraft:glow_lichen":3,"minecraft:ladder":1,"minecraft:decorated_pot":8,"minecraft:brick_stairs":2,"dungeonnowloading:book_pile":1,"minecraft:spruce_leaves":21,"minecraft:sandstone":59,"iceandfire:chared_grass":1,"minecraft:large_fern":1,"minecraft:hay_block":27,"minecraft:heavy_weighted_pressure_plate":1,"minecraft:furnace":2,"minecraft:carrots":39,"minecraft:stripped_spruce_log":3,"minecraft:gold_block":9,"minecraft:peony":2,"minecraft:bookshelf":20,"minecraft:shroomlight":1,"minecraft:deepslate_iron_ore":24,"minecraft:stone":1844,"minecraft:podzol":1,"doggytalents:rice_crop":68,"minecraft:brick_wall":1,"minecraft:snow_block":31,"minecraft:stripped_dark_oak_log":8,"minecraft:basalt":44,"minecraft:oak_fence":16,"minecraft:crafting_table":8,"minecraft:sculk_sensor":9,"minecraft:lectern":24,"rogues:arms_workbench":2,"minecraft:lily_pad":1,"minecraft:polished_blackstone_brick_stairs":1,"minecraft:sculk":4,"supplementaries:urn":5,"minecraft:prismarine_bricks":1,"minecraft:spruce_stairs":5,"minecraft:birch_planks":57,"spell_engine:spell_binding":3,"iceandfire:ash":13,"minecraft:coal_ore":119,"graveyard:leaning_skeleton":1,"minecraft:cyan_carpet":1,"minecraft:cracked_stone_bricks":5,"minecraft:terracotta":15,"minecraft:polished_andesite":2,"minecraft:stripped_acacia_wood":7,"minecraft:mossy_stone_bricks":41,"minecraft:birch_fence":15,"minecraft:dark_oak_planks":16}},"DataVersion":3465}