{"stats":{"minecraft:killed_by":{"minecraft:skeleton":1},"minecraft:crafted":{"minecraft:birch_planks":24},"minecraft:mined":{"minecraft:birch_log":6,"minecraft:grass_block":1,"minecraft:birch_leaves":1},"minecraft:picked_up":{"minecraft:birch_log":6},"minecraft:custom":{"minecraft:jump":142,"minecraft:time_since_rest":2197,"minecraft:deaths":1,"minecraft:damage_dealt":29,"minecraft:walk_on_water_one_cm":421,"minecraft:crouch_one_cm":22,"minecraft:sprint_one_cm":23582,"minecraft:play_time":12003,"minecraft:damage_taken":295,"minecraft:time_since_death":0,"minecraft:walk_one_cm":20230,"minecraft:sneak_time":16,"minecraft:total_world_time":12003,"minecraft:hex":0,"minecraft:fall_one_cm":3735,"minecraft:fly_one_cm":34404,"minecraft:leave_game":1}},"DataVersion":3465}