{"stats":{"minecraft:crafted":{"iceandfire:hippocampus_slapper":1,"minecraft:oak_door":3,"minecraft:oak_planks":160,"minecraft:stone_shovel":1,"clutter:silver_ingot":14,"assortedtools:silver_sword":2,"assortedtools:wood_boomerang":1,"simplyswords:iron_spear":1,"minecraft:oak_pressure_plate":2,"minecraft:birch_boat":11,"assortedtools:silver_pickaxe":1,"minecraft:furnace":10,"assortedtools:copper_leggings":2,"assortedtools:wood_bucket":1,"minecraft:stone":471,"minecraft:diamond_shovel":1,"clutter:copper_door":3,"clutter:silver_helmet":1,"naturalist:cooked_bass":8,"iceandfire:armor_copper_metal_boots":1,"iceandfire:armor_copper_metal_helmet":2,"minecraft:oak_trapdoor":8,"assortedtools:copper_bucket":1,"minecraft:iron_boots":1,"assortedtools:stone_spear":98,"minecraft:ladder":6,"runes:frost_stone":16,"clutter:silver_chestplate":1,"assortedtools:copper_pickaxe":8,"minecraft:stone_pickaxe":9,"iceandfire:armor_copper_metal_chestplate":2,"minecraft:chest":9,"minecraft:oak_button":2,"supplementaries:flute":2,"minecraft:smoker":1,"minecraft:cooked_cod":26,"minecraft:wooden_shovel":1,"iceandfire:silver_ingot":20,"minecraft:crafting_table":12,"farmersdelight:iron_knife":2,"rogues:stone_double_axe":1,"minecraft:dried_kelp":137,"minecraft:wooden_pickaxe":2,"travelersbackpack:standard":1,"dungeonnowloading:cobblestone_pebble":9,"minecraft:copper_ingot":108,"minecraft:birch_planks":356,"minecraft:stone_axe":5,"minecraft:bread":7,"minecraft:air":0,"travelersbackpack:squid":1,"minecraft:oak_boat":1,"minecraft:stone_brick_stairs":1,"minecraft:diamond_pickaxe":1,"minecraft:shield":2,"minecraft:stick":327,"minecraft:iron_ingot":72,"minecraft:stone_sword":1,"minecraft:iron_leggings":1,"minecraft:stonecutter":1,"minecraft:torch":60,"minecraft:shears":1,"assortedtools:silver_spear":3},"minecraft:killed_by":{"minecraft:creeper":1,"minecraft:spider":2,"minecraft:enderman":1,"iceandfire:sea_serpent":6,"dungeonnowloading:hollow":1,"naturalist:boar":1,"minecraft:skeleton":6,"minecraft:witch":1,"minecraft:zombie":4,"iceandfire:fire_dragon":1},"minecraft:dropped":{"minecraft:cobblestone":1,"assortedtools:silver_spear":1,"travelersbackpack:blue_sleeping_bag":3,"iceandfire:tide_trident":1,"minecraft:torch":4,"minecraft:sand":35,"minecraft:oak_door":2,"minecraft:stone_sword":1,"universal_graves:grave_compass":2,"naturalist:cooked_bass":2,"minecraft:rabbit_foot":33,"minecraft:flower_pot":1,"minecraft:oak_sapling":2,"minecraft:birch_boat":2,"archers:flint_spear":1,"minecraft:stone_pickaxe":1,"minecraft:calcite":1,"supplementaries:flute":1},"minecraft:picked_up":{"iceandfire:dragon_skull_lightning":1,"majruszsdifficulty:tattered_boots":1,"minecraft:crafting_table":10,"minecraft:wheat":1,"minecraft:ladder":3,"minecraft:flower_pot":1,"dungeonnowloading:cobblestone_pebble":1,"minecraft:potion":1,"minecraft:stone_brick_stairs":3,"travelersbackpack:spider":2,"minecraft:amethyst_block":6,"minecraft:raw_copper":117,"minecraft:string":9,"minecraft:oak_trapdoor":14,"minecraft:cooked_salmon":2,"universal_graves:grave_compass":1,"clutter:raw_silver":14,"minecraft:cobbled_deepslate":7,"minecraft:beef":1,"minecraft:oak_boat":1,"minecraft:calcite":6,"minecraft:light_gray_wool":1,"minecraft:iron_pickaxe":1,"minecraft:birch_sapling":7,"minecraft:furnace":4,"minecraft:raw_iron":70,"minecraft:stick":95,"clutter:exposed_copper_door":2,"minecraft:oak_door":6,"minecraft:copper_ingot":23,"minecraft:torch":58,"minecraft:diorite":24,"minecraft:music_disc_pigstep":1,"minecraft:carrot":4,"minecraft:redstone":3,"minecraft:rabbit_foot":82,"minecraft:arrow":3,"minecraft:stone_sword":1,"minecraft:rotten_flesh":22,"minecraft:mutton":4,"minecraft:cod":57,"minecraft:snowball":111,"minecraft:white_wool":3,"minecraft:cobblestone":1768,"minecraft:birch_log":93,"minecraft:golden_carrot":6,"minecraft:salmon":14,"minecraft:andesite":39,"minecraft:acacia_wood":2,"minecraft:birch_planks":25,"doggytalents:rice_grains":2,"minecraft:oak_log":44,"minecraft:gunpowder":1,"minecraft:lapis_lazuli":10,"minecraft:dirt":206,"naturalist:bass":8,"minecraft:bone":4,"minecraft:apple":1,"minecraft:stone_bricks":16,"minecraft:kelp":264,"minecraft:wheat_seeds":369,"minecraft:iron_ingot":42,"minecraft:stone_pickaxe":1,"minecraft:bamboo":20,"minecraft:glowstone_dust":2,"minecraft:gray_bed":1,"minecraft:oak_planks":6,"minecraft:iron_sword":4,"minecraft:smooth_basalt":2,"minecraft:birch_boat":7,"minecraft:pumpkin":3,"minecraft:chiseled_stone_bricks":3,"iceandfire:shiny_scales":2,"iceandfire:hippocampus_fin":1,"minecraft:gravel":19,"minecraft:spruce_sapling":1,"minecraft:sand":35,"minecraft:amethyst_shard":2,"travelersbackpack:blue_sleeping_bag":3,"minecraft:ink_sac":7,"minecraft:spruce_log":8,"naturalist:cooked_bass":1,"minecraft:spider_eye":5,"travelersbackpack:standard":1,"minecraft:diamond":5,"minecraft:granite":26,"clutter:copper_door":1,"minecraft:bread":22,"iceandfire:tide_trident":1,"minecraft:terracotta":2,"minecraft:oak_sapling":9,"minecraft:bricks":2,"minecraft:coal":333,"minecraft:oak_leaves":1,"iceandfire:raw_silver":24},"minecraft:broken":{"majruszsdifficulty:tattered_boots":1,"minecraft:stone_pickaxe":7,"assortedtools:copper_leggings":1,"iceandfire:armor_copper_metal_chestplate":1,"assortedtools:copper_pickaxe":6,"minecraft:stone_shovel":1,"iceandfire:armor_copper_metal_helmet":1},"minecraft:used":{"minecraft:oak_trapdoor":14,"minecraft:jungle_leaves":1,"minecraft:stone_sword":53,"minecraft:stone_shovel":131,"minecraft:dried_kelp":102,"minecraft:ladder":8,"minecraft:chest":9,"minecraft:shield":4,"rogues:stone_double_axe":4,"minecraft:iron_sword":22,"minecraft:rotten_flesh":7,"minecraft:cooked_salmon":2,"minecraft:wooden_shovel":9,"assortedtools:copper_pickaxe":1025,"minecraft:oak_door":7,"minecraft:stick":2,"minecraft:torch":98,"minecraft:dirt":48,"minecraft:carrot":2,"naturalist:cooked_bass":7,"minecraft:light_blue_stained_glass":3,"minecraft:netherite_shovel":9,"assortedtools:silver_pickaxe":104,"minecraft:grass_block":143,"minecraft:iron_block":19,"minecraft:oak_stairs":107,"minecraft:birch_sapling":3,"travelersbackpack:squid":2,"minecraft:stone_brick_stairs":8,"minecraft:stone_bricks":308,"minecraft:golden_carrot":6,"minecraft:furnace":12,"minecraft:oak_sapling":5,"minecraft:cooked_cod":12,"archers:netherite_longbow":6,"iceandfire:hippocampus_slapper":8,"minecraft:calcite":5,"simplyswords:iron_spear":21,"travelersbackpack:spider":1,"assortedtools:silver_sword":72,"assortedtools:copper_bucket":10,"minecraft:diorite":1,"minecraft:birch_leaves":1,"assortedtools:silver_spear":26,"minecraft:birch_planks":4,"minecraft:stone_pickaxe":1081,"minecraft:oak_planks":175,"minecraft:birch_boat":13,"minecraft:wooden_pickaxe":63,"minecraft:stonecutter":1,"minecraft:beacon":4,"minecraft:oak_leaves":6,"assortedtools:stone_spear":163,"minecraft:crafting_table":20,"minecraft:cod":28,"minecraft:smoker":1,"minecraft:diamond_shovel":3,"clutter:exposed_copper_door":2,"minecraft:iron_pickaxe":73,"minecraft:bread":18,"minecraft:oak_button":2,"minecraft:oak_pressure_plate":2,"minecraft:pink_petals":166,"minecraft:stone_axe":220,"minecraft:chiseled_stone_bricks":92,"clutter:copper_door":3,"minecraft:cobblestone":154,"endermanoverhaul:corrupted_blade":3,"minecraft:birch_log":1,"minecraft:oak_boat":1,"dungeonnowloading:cobblestone_pebble":1},"minecraft:mined":{"minecraft:large_amethyst_bud":2,"iceandfire:silver_ore":26,"minecraft:deepslate_diamond_ore":4,"minecraft:oak_door":6,"minecraft:jungle_leaves":2,"travelersbackpack:blue_sleeping_bag":3,"minecraft:glow_lichen":1,"minecraft:ladder":3,"minecraft:granite":26,"minecraft:budding_amethyst":1,"minecraft:grass_block":83,"clutter:deepslate_silver_ore":3,"minecraft:spruce_leaves":7,"minecraft:kelp":12,"minecraft:chiseled_stone_bricks":3,"minecraft:tall_seagrass":4,"minecraft:oak_trapdoor":14,"minecraft:furnace":3,"minecraft:iron_ore":67,"minecraft:fire":7,"minecraft:snow":3,"minecraft:acacia_wood":2,"minecraft:andesite":36,"minecraft:pumpkin":2,"supplementaries:stick":1,"minecraft:deepslate_iron_ore":4,"minecraft:small_amethyst_bud":2,"clutter:silver_ore":2,"minecraft:bamboo":1,"minecraft:stone":1563,"travelersbackpack:spider":1,"clutter:copper_door":1,"dungeonnowloading:cobblestone_pebbles":1,"minecraft:kelp_plant":73,"minecraft:snow_block":27,"minecraft:amethyst_cluster":1,"minecraft:powder_snow":17,"minecraft:crafting_table":10,"minecraft:torch":21,"minecraft:calcite":5,"minecraft:copper_ore":32,"minecraft:cobblestone":29,"minecraft:lapis_ore":2,"minecraft:oak_planks":6,"minecraft:bricks":2,"minecraft:diorite":26,"minecraft:wall_torch":10,"minecraft:amethyst_block":6,"minecraft:deepslate_copper_ore":1,"minecraft:seagrass":2,"minecraft:birch_planks":5,"minecraft:birch_log":93,"minecraft:gray_bed":1,"minecraft:spruce_log":8,"minecraft:birch_leaves":10,"minecraft:grass":3,"minecraft:oak_log":44,"minecraft:coal_ore":338,"minecraft:cherry_leaves":1,"minecraft:gravel":14,"minecraft:flower_pot":1,"minecraft:sand":37,"minecraft:dirt":85,"minecraft:smooth_basalt":2,"minecraft:terracotta":8,"minecraft:stone_bricks":16,"minecraft:oak_leaves":63,"minecraft:deepslate":7},"minecraft:custom":{"minecraft:mob_kills":94,"minecraft:interact_with_crafting_table":130,"minecraft:open_barrel":19,"goblintraders:trade_with_goblin":2,"minecraft:leave_game":6,"minecraft:time_since_death":4411,"minecraft:climb_one_cm":25799,"minecraft:sprint_one_cm":1040082,"minecraft:walk_one_cm":997947,"minecraft:damage_blocked_by_shield":285,"minecraft:drop":58,"minecraft:play_time":668232,"minecraft:sneak_time":14623,"minecraft:deaths":35,"minecraft:walk_under_water_one_cm":657188,"minecraft:boat_one_cm":1116081,"minecraft:jump":7274,"minecraft:walk_on_water_one_cm":202223,"minecraft:total_world_time":668232,"minecraft:interact_with_furnace":113,"minecraft:interact_with_stonecutter":8,"minecraft:sleep_in_bed":18,"minecraft:hex":0,"minecraft:time_since_rest":4465,"minecraft:damage_taken":13794,"minecraft:trigger_trapped_chest":4,"minecraft:damage_dealt":15177,"minecraft:interact_with_beacon":1,"minecraft:swim_one_cm":930008,"minecraft:fly_one_cm":1039317,"minecraft:player_kills":1,"minecraft:open_chest":73,"minecraft:crouch_one_cm":32052,"minecraft:interact_with_smoker":4,"minecraft:fall_one_cm":114888},"minecraft:killed":{"minecraft:witch":10,"minecraft:spider":4,"minecraft:cod":37,"creeperoverhaul:snowy_creeper":1,"minecraft:skeleton":2,"whisperwoods:wisp":1,"naturalist:bass":10,"majruszsdifficulty:creeperling":3,"minecraft:drowned":2,"iceandfire:hippocampus":1,"graveyard:ghoul":1,"minecraft:squid":4,"minecraft:sheep":3,"minecraft:zombie":13,"minecraft:player":1}},"DataVersion":3465}