{
  "rpg_series:root": {
    "criteria": {
      "always": "2024-11-13 04:09:07 +0000"
    },
    "done": true
  },
  "spellbladenext:spellblades/root": {
    "criteria": {
      "always": "2024-11-13 04:09:07 +0000"
    },
    "done": true
  },
  "minecraft:recipes/decorations/crafting_table": {
    "criteria": {
      "unlock_right_away": "2024-11-13 04:09:07 +0000"
    },
    "done": true
  },
  "naturalist:recipes/food/cooked_egg": {
    "criteria": {
      "has_eggs": "2024-11-13 04:13:28 +0000"
    },
    "done": true
  },
  "iceandfire:iceandfire/root": {
    "criteria": {
      "tick": "2024-11-13 04:09:07 +0000"
    },
    "done": true
  },
  "dungeons_arise:wda_root": {
    "criteria": {
      "WDA": "2024-11-13 04:09:07 +0000"
    },
    "done": true
  },
  "iceandfire:recipes/misc/chain": {
    "criteria": {
      "has_item": "2024-11-13 04:13:34 +0000"
    },
    "done": true
  },
  "minecraft:clutter/root": {
    "criteria": {
      "requirement": "2024-11-13 04:09:07 +0000"
    },
    "done": true
  },
  "minecraft:story/obtain_armor": {
    "criteria": {
      "iron_chestplate": "2024-11-13 04:13:28 +0000"
    },
    "done": true
  },
  "minecraft:recipes/misc/iron_nugget_from_smelting": {
    "criteria": {
      "has_iron_chestplate": "2024-11-13 04:13:28 +0000"
    },
    "done": true
  },
  "majruszsdifficulty:game_stage_normal": {
    "criteria": {
      "is_triggered": "2024-11-13 04:09:07 +0000"
    },
    "done": true
  },
  "refurbished_furniture:recipes/misc/slicing/string_from_cobweb": {
    "criteria": {
      "has_cobweb": "2024-11-13 04:13:33 +0000"
    },
    "done": true
  },
  "farmersdelight:main/root": {
    "criteria": {
      "seeds": "2024-11-13 04:13:28 +0000"
    },
    "done": true
  },
  "whisperwoods:recipes/whisperwoods/hand_of_fate": {
    "criteria": {
      "has_blaze_powder": "2024-11-13 04:13:28 +0000"
    },
    "done": true
  },
  "minecraft:recipes/misc/iron_nugget_from_blasting": {
    "criteria": {
      "has_iron_chestplate": "2024-11-13 04:13:28 +0000"
    },
    "done": true
  },
  "minecraft:adventure/adventuring_time": {
    "criteria": {
      "minecraft:beach": "2024-11-13 04:10:29 +0000",
      "minecraft:sparse_jungle": "2024-11-13 04:09:27 +0000",
      "minecraft:river": "2024-11-13 04:09:47 +0000",
      "minecraft:forest": "2024-11-13 04:09:09 +0000",
      "minecraft:old_growth_birch_forest": "2024-11-13 04:09:41 +0000",
      "minecraft:plains": "2024-11-13 04:09:28 +0000"
    },
    "done": false
  },
  "DataVersion": 3465
}